"","income","sex","eth","fedu","parocc"
"1",3110.48043262842,2,1,11,108
"2",3014.36953262842,2,1,9,109
"3",2753.92233262842,1,1,1,1010
"4",2816.36103262842,2,1,11,1010
"5",6072.09193262842,2,1,1,910
"6",2352.53093262842,2,1,11,1010
"7",12530.0357326284,2,1,1,1010
"8",2388.21013262842,1,1,1,1010
"9",23590.5997326284,1,3,1,109
"10",3758.88813262842,1,1,1,1010
"11",11102.8657326284,1,3,5,1010
"12",2238.03973262842,1,1,1,1010
"13",8890.75213262842,2,3,3,98
"14",3949.17693262842,2,1,9,1010
"15",18785.9747326284,1,1,1,1010
"16",3967.01653262842,2,1,8,108
"17",4488.49483262842,1,1,1,1010
"18",5523.52363262842,1,1,9,1010
"19",2004.65813262842,1,1,1,1010
"20",3342.62983262842,1,1,1,1010
"21",17792.7227326284,2,1,4,1010
"22",6428.88443262842,2,1,9,1010
"23",2557.68643262842,1,1,1,109
"24",3075.03553262842,1,1,1,1010
"25",1951.29543262842,1,1,1,1010
"26",22074.2327326284,1,1,1,210
"27",2397.12983262842,1,1,1,108
"28",2361.45063262842,2,1,1,108
"29",2629.04513262842,2,1,7,1010
"30",6785.67693262842,2,1,10,87
"31",1050.23843262842,1,1,1,910
"32",9782.73353262842,2,1,1,910
"33",2183.05433262842,2,1,1,1010
"34",7228.56313262842,2,1,4,108
"35",1630.02613262842,1,1,1,1010
"36",1380.27153262842,2,1,1,99
"37",952.12053262842,1,1,6,109
"38",12378.3987326284,1,4,11,108
"39",8426.92203262842,1,1,8,108
"40",3931.33733262842,2,1,1,1010
"41",4835.48303262842,1,3,1,99
"42",3506.89713262842,2,1,1,1010
"43",1235.76973262842,1,1,8,1010
"44",12984.9457326284,1,1,1,1010
"45",3699.42233262842,1,1,1,107
"46",633.09660262842,1,1,1,1010
"47",5412.02603262842,1,1,1,107
"48",4145.41273262842,1,1,8,1010
"49",5850.50453262842,1,1,1,98
"50",28823.7087326284,1,1,1,910
"51",7053.27113262842,1,1,12,210
"52",2896.63933262842,1,1,1,1010
"53",13154.4217326284,1,1,1,1010
"54",3494.26673262842,2,1,1,1010
"55",4099.62953262842,2,1,1,109
"56",2261.54973262842,1,1,1,1010
"57",4858.99773262842,1,1,9,105
"58",1942.21953262842,1,1,1,1010
"59",5447.44113262842,1,1,5,98
"60",1603.26673262842,1,3,1,99
"61",2004.65813262842,2,1,10,97
"62",1166.19593262842,1,1,11,910
"63",8819.39373262842,1,1,1,94
"64",1912.83533262842,1,1,1,1010
"65",5376.34683262842,2,3,1,103
"66",2049.25723262842,2,1,6,109
"67",1612.18653262842,2,1,6,1010
"68",3612.69813262842,1,1,1,1010
"69",3164.23353262842,2,1,1,1010
"70",6196.96943262842,1,2,10,1010
"71",2746.87783262842,1,1,1,99
"72",11950.2477326284,2,1,1,1010
"73",6375.36543262842,1,1,1,910
"74",4708.25503262842,1,1,3,99
"75",2967.99773262842,1,3,1,1010
"76",2227.65353262842,1,1,4,1010
"77",14046.4027326284,2,2,9,107
"78",2004.65813262842,1,1,1,79
"79",1291.07343262842,1,1,11,910
"80",6598.36103262842,1,1,5,99
"81",9693.53533262842,1,1,1,1010
"82",14670.8737326284,1,4,12,28
"83",1166.19593262842,1,1,8,1010
"84",1857.45003262842,2,1,1,1010
"85",2482.59583262842,2,1,5,38
"86",3372.92543262842,1,1,1,1010
"87",1201.87533262842,2,1,1,1010
"88",11869.5797326284,1,1,7,109
"89",4092.75263262842,1,1,1,105
"90",4609.24283262842,1,1,11,910
"91",845.08281262842,1,1,5,109
"92",12480.0797326284,2,1,1,109
"93",3610.22433262842,2,1,1,98
"94",9274.30383262842,1,1,1,1010
"95",7490.34193262842,1,1,1,99
"96",18417.1107326284,1,1,1,97
"97",6910.55433262842,1,1,1,99
"98",2093.85633262842,1,3,1,99
"99",5661.78093262842,1,1,1,109
"100",4636.00263262842,2,3,1,79
"101",3869.79073262842,2,1,9,910
"102",5505.72873262842,1,3,9,96
"103",6152.37033262842,1,1,3,108
"104",2004.66353262842,1,1,9,910
"105",3837.20203262842,1,1,1,1010
"106",3663.74313262842,1,1,9,1010
"107",1458.50723262842,1,1,1,58
"108",4368.40793262842,1,1,1,107
"109",2718.24313262842,2,1,4,97
"110",4681.20423262842,2,1,1,105
"111",16909.2187326284,2,2,1,107
"112",12004.3407326284,1,1,1,1010
"113",3390.79683262842,2,1,10,56
"114",10527.3257326284,1,1,7,97
"115",6089.93183262842,1,1,4,107
"116",4991.01093262842,2,3,8,109
"117",4973.22523262842,2,1,1,99
"118",8944.27063262842,1,1,1,99
"119",3611.93713262842,2,1,1,99
"120",5572.58273262842,1,1,1,97
"121",2495.24773262842,2,1,8,108
"122",9729.21403262842,1,1,1,98
"123",14554.8317326284,1,1,6,1010
"124",16603.4153992951,2,4,9,47
"125",3003.67713262842,1,1,6,98
"126",11459.6577326284,2,1,1,1010
"127",8426.92203262842,1,1,12,95
"128",2361.45063262842,1,1,1,1010
"129",2629.04513262842,2,1,1,1010
"130",10210.8837326284,1,3,1,910
"131",7676.32783262842,1,1,1,1010
"132",5019.55433262842,1,1,6,108
"133",4769.79953262842,2,1,2,108
"134",4413.00703262842,2,1,8,59
"135",6323.02893262842,1,1,1,910
"136",3119.63473262842,1,1,1,99
"137",7684.55343262842,1,1,1,98
"138",4234.61103262842,1,1,1,1010
"139",15057.3153992951,1,1,1,107
"140",5937.71353262842,2,3,1,99
"141",1826.26203262842,1,1,1,98
"142",6018.57293262842,1,3,11,310
"143",9318.90353262842,1,1,1,99
"144",5750.97873262842,2,1,9,1010
"145",1246.47433262842,1,1,3,108
"146",6892.96603262842,1,1,7,1010
"147",6357.52603262842,1,1,1,1010
"148",1478.38943262842,2,1,1,1010
"149",755.13670262842,1,1,1,1010
"150",5304.98843262842,2,3,5,95
"151",19041.4967326284,2,1,6,1010
"152",3253.43183262842,2,1,1,910
"153",2450.64883262842,2,1,9,105
"154",1915.46013262842,2,1,1,1010
"155",8872.91223262842,1,1,1,1010
"156",3413.98843262842,1,1,2,109
"157",993.28753262842,1,1,1,1010
"158",1216.84243262842,1,1,11,1010
"159",3358.68543262842,1,1,1,910
"160",4145.41273262842,1,1,1,99
"161",1915.46013262842,2,1,1,99
"162",5046.45523262842,2,3,1,1010
"163",20379.4687326284,1,4,11,47
"164",1291.07343262842,2,1,1,109
"165",4479.47133262842,2,1,9,92
"166",622.08757262842,1,1,1,1010
"167",2629.04513262842,1,1,1,1010
"168",6196.96943262842,1,1,7,97
"169",2049.25723262842,2,1,1,105
"170",11370.4597326284,2,1,1,99
"171",2700.40353262842,1,1,1,109
"172",2093.85633262842,1,1,1,910
"173",12173.2427326284,2,1,9,1010
"174",5626.10123262842,1,3,1,99
"175",5269.30923262842,1,1,1,98
"176",10969.0687326284,1,1,1,99
"177",4708.25503262842,2,3,1,99
"178",8186.08713262842,1,1,5,99
"179",13885.8457326284,1,1,1,1010
"180",1754.90353262842,1,3,9,95
"181",4640.59883262842,2,1,1,105
"182",10656.8743992951,1,4,11,29
"183",20679.1957326284,1,2,4,109
"184",10032.4887326284,2,1,11,99
"185",2629.04513262842,1,1,6,97
"186",898.60167262842,1,1,1,108
"187",1683.54513262842,1,1,1,1010
"188",9327.82343262842,1,1,1,98
"189",10995.8270659618,1,1,9,1010
"190",3654.82313262842,1,1,5,108
"191",1558.66763262842,1,1,1,105
"192",2718.24313262842,2,1,1,1010
"193",13555.8137326284,1,1,1,910
"194",488.29039262842,1,1,1,1010
"195",4593.57003262842,2,1,1,109
"196",2116.58953262842,1,1,1,1010
"197",9265.38393262842,2,1,1,99
"198",9898.69063262842,1,1,1,910
"199",1335.67243262842,1,1,1,1010
"200",3042.32973262842,2,1,1,1010
"201",2144.32143262842,1,1,9,1010
"202",4020.53553262842,1,1,1,109
"203",8560.71893262842,2,1,1,1010
"204",2459.62073262842,1,2,1,109
"205",7207.58413262842,2,1,10,58
"206",2585.04873262842,1,1,1,1010
"207",4154.33273262842,1,1,1,1010
"208",5010.63443262842,1,1,1,1010
"209",5394.18623262842,2,4,11,1010
"210",12976.0257326284,2,1,1,109
"211",23961.4690659618,1,3,1,99
"212",3842.13933262842,2,1,1,98
"213",4475.44593262842,1,1,1,98
"214",2816.36103262842,1,1,1,99
"215",1970.74553262842,1,1,1,1010
"216",1737.06393262842,1,1,1,1010
"217",4718.79023262842,1,1,1,1010
"218",7784.69553262842,2,1,1,99
"219",2499.70773262842,1,1,11,1010
"220",9598.85463262842,1,1,5,109
"221",7088.95033262842,2,1,1,99
"222",3199.40713262842,1,1,1,910
"223",12486.3287326284,1,1,1,1010
"224",1737.06393262842,1,1,1,1010
"225",3574.54483262842,1,1,9,1010
"226",5676.62513262842,1,3,3,99
"227",3342.62983262842,1,3,11,107
"228",25020.4457326284,1,4,9,55
"229",2247.43403262842,1,1,1,1010
"230",4363.05973262842,1,1,1,1010
"231",8620.75703262842,1,1,1,98
"232",8557.83413262842,1,1,9,97
"233",7668.73793262842,1,1,10,98
"234",1826.26203262842,2,1,9,109
"235",2450.64883262842,1,1,1,108
"236",7395.79213262842,1,1,1,108
"237",9318.90353262842,1,1,3,109
"238",1558.54823262842,2,1,8,710
"239",2053.71723262842,2,1,1,1010
"240",18238.7147326284,2,1,2,1010
"241",19540.5547326284,1,1,1,107
"242",24928.5727326284,2,1,1,1010
"243",4288.13003262842,1,3,1,109
"244",6509.16273262842,2,1,1,1010
"245",19219.8927326284,1,1,8,97
"246",5792.47873262842,1,1,1,107
"247",3467.50723262842,1,1,1,1010
"248",4973.47573262842,1,1,1,910
"249",5527.98353262842,1,1,1,1010
"250",13332.8187326284,2,2,9,94
"251",9693.53533262842,2,1,1,1010
"252",8209.48743262842,1,1,6,99
"253",14034.6407326284,1,3,1,107
"254",15116.7807326284,1,4,12,1010
"255",2013.57803262842,1,1,1,1010
"256",14313.9977326284,2,1,1,1010
"257",16288.9037326284,1,1,11,97
"258",1732.27273262842,1,1,1,108
"259",5704.30823262842,2,1,5,1010
"260",11015.3877326284,1,1,1,210
"261",3253.43183262842,1,3,1,99
"262",22698.6197326284,1,3,11,25
"263",4456.39523262842,1,3,1,910
"264",4734.12033262842,1,1,9,107
"265",635.46727262842,1,1,1,510
"266",2165.21473262842,1,1,1,1010
"267",1870.86113262842,1,1,7,105
"268",2183.05433262842,1,1,9,107
"269",2361.45063262842,2,1,9,108
"270",2270.61003262842,1,1,1,1010
"271",13985.1857326284,2,1,1,98
"272",1380.27153262842,2,1,9,25
"273",5642.58613262842,2,1,1,95
"274",8805.08413262842,1,1,1,1010
"275",3969.07633262842,2,1,3,107
"276",1966.81073262842,1,1,5,99
"277",9404.74043262842,2,1,1,107
"278",8432.27363262842,1,1,1,1010
"279",2361.45063262842,1,1,1,1010
"280",2629.04513262842,1,1,1,1010
"281",4687.97233262842,2,1,1,1010
"282",3521.02603262842,1,3,10,99
"283",1514.53613262842,1,1,11,1010
"284",3458.58733262842,2,1,1,1010
"285",5728.16663262842,1,1,1,1010
"286",909.96281262842,1,1,5,108
"287",3057.19593262842,1,1,1,108
"288",10807.5407326284,2,1,1,910
"289",5953.43233262842,1,1,1,1010
"290",1469.46953262842,1,1,1,103
"291",13040.8577326284,1,1,11,108
"292",8205.41323262842,1,1,1,95
"293",3727.96573262842,1,1,1,1010
"294",5554.74283262842,1,3,1,99
"295",6570.11493262842,2,1,9,103
"296",6464.56363262842,1,1,1,1010
"297",6375.36543262842,2,1,1,910
"298",1879.78093262842,1,1,9,210
"299",3998.23603262842,1,1,7,98
"300",2593.36563262842,1,1,1,1010
"301",1291.07343262842,1,1,12,98
"302",1781.66303262842,2,1,1,98
"303",6346.33803262842,1,1,1,99
"304",1153.44173262842,1,1,1,1010
"305",3092.87513262842,1,1,7,109
"306",10924.4687326284,2,4,12,22
"307",14028.5637326284,1,1,8,1010
"308",9044.40153262842,2,3,1,107
"309",5801.52413262842,1,1,3,98
"310",2031.57663262842,1,1,1,1010
"311",3567.73093262842,1,1,1,107
"312",7534.94113262842,1,1,1,109
"313",5839.28483262842,2,1,1,1010
"314",3791.44843262842,2,1,7,108
"315",1166.19593262842,1,1,1,1010
"316",10549.8367326284,2,2,3,109
"317",934.28093262842,2,1,1,98
"318",1424.87053262842,1,1,1,910
"319",11013.6667326284,2,3,9,93
"320",1103.75733262842,1,1,1,1010
"321",1023.47903262842,2,1,1,108
"322",11156.3837326284,1,1,1,1010
"323",6009.65353262842,1,1,1,910
"324",20468.6657326284,1,1,1,1010
"325",10184.0840659618,2,1,12,108
"326",27105.6077326284,1,1,1,1010
"327",7190.63643262842,1,1,9,98
"328",5773.06173262842,1,1,1,1010
"329",3788.62053262842,2,2,3,107
"330",2361.45063262842,2,1,4,910
"331",1950.65503262842,1,1,1,1010
"332",3183.00823262842,1,1,1,99
"333",2482.59583262842,1,1,1,1010
"334",6950.40883262842,1,1,6,107
"335",15384.3737326284,1,2,1,1010
"336",18982.0313992951,1,4,11,109
"337",3030.43643262842,1,1,1,109
"338",3814.80633262842,1,1,7,109
"339",8634.75403262842,1,1,9,92
"340",5037.39373262842,2,1,12,88
"341",4725.20033262842,1,1,1,1010
"342",2611.20553262842,2,3,1,109
"343",6412.95423262842,2,1,1,1010
"344",5065.15593262842,1,1,1,1010
"345",2068.88083262842,2,1,1,109
"346",7106.79023262842,2,1,1,107
"347",3833.21943262842,1,1,1,107
"348",3788.62053262842,2,1,1,910
"349",6286.16763262842,2,1,9,108
"350",14206.9587326284,2,1,1,1010
"351",18227.2017326284,1,3,7,97
"352",15116.7807326284,1,1,1,107
"353",11490.9307326284,2,1,11,58
"354",3342.62983262842,2,1,9,98
"355",26444.9397326284,1,1,1,910
"356",1915.46013262842,1,1,9,98
"357",1623.11523262842,2,1,1,1010
"358",6286.16763262842,1,1,1,109
"359",648.84697262842,1,1,1,93
"360",1719.22433262842,1,1,7,107
"361",831.09550262842,1,1,1,1010
"362",14630.1133992951,2,4,10,109
"363",845.08281262842,1,1,1,105
"364",3610.22433262842,1,1,1,95
"365",1870.86113262842,2,1,1,910
"366",7610.71253262842,1,1,1,109
"367",6785.67693262842,2,1,1,108
"368",9301.06363262842,1,1,1,910
"369",10210.8837326284,2,1,1,109
"370",4234.61103262842,1,3,8,910
"371",2039.86983262842,1,1,1,1010
"372",5883.56953262842,1,1,1,1010
"373",1850.05383262842,1,1,1,1010
"374",4328.15003262842,2,1,8,1010
"375",1175.11573262842,1,1,1,1010
"376",1425.83273262842,1,2,1,99
"377",3521.02603262842,1,1,1,98
"378",16518.9627326284,1,1,11,1010
"379",3663.32313262842,1,1,12,1010
"380",4116.45423262842,1,1,9,95
"381",4524.50503262842,1,1,1,109
"382",2807.44133262842,2,1,1,1010
"383",3431.82803262842,2,1,1,1010
"384",2450.64883262842,2,1,1,108
"385",916.44133262842,1,1,3,108
"386",2588.26553262842,2,1,1,109
"387",2039.51823262842,1,1,1,108
"388",18506.3087326284,2,3,11,109
"389",5108.75263262842,1,1,1,1010
"390",5786.65793262842,1,1,1,108
"391",2700.40353262842,1,1,1,1010
"392",1915.46013262842,1,1,1,98
"393",8587.47873262842,1,3,1,27
"394",14768.4267326284,1,4,11,23
"395",1993.60843262842,2,1,1,1010
"396",3647.91033262842,2,1,4,1010
"397",9220.78533262842,1,1,1,105
"398",11771.8507326284,1,1,9,28
"399",13752.0487326284,1,1,1,910
"400",827.24321262842,1,1,1,1010
"401",4502.20523262842,1,1,4,1010
"402",18697.3087326284,2,3,1,109
"403",17346.7327326284,1,1,8,98
"404",3967.01653262842,1,1,1,910
"405",4181.29753262842,2,3,1,1010
"406",1166.19593262842,1,1,8,1010
"407",1388.31543262842,1,1,8,1010
"408",21564.2907326284,2,3,9,97
"409",6412.95423262842,1,1,10,1010
"410",3521.02603262842,1,1,1,1010
"411",6214.80873262842,1,1,1,95
"412",7980.11543262842,1,1,1,107
"413",8999.08613262842,2,1,1,109
"414",755.88469262842,1,1,8,110
"415",17792.7227326284,1,1,10,910
"416",1549.74783262842,1,1,1,93
"417",9550.81853262842,1,1,4,1010
"418",4286.55973262842,1,1,2,109
"419",2548.76673262842,2,3,5,910
"420",23867.1157326284,2,1,1,99
"421",15830.3657326284,2,1,1,1010
"422",3852.04163262842,1,1,1,1010
"423",8180.96693262842,2,1,1,49
"424",21093.0527326284,1,1,1,1010
"425",5108.24043262842,1,1,1,103
"426",1291.07343262842,2,1,1,108
"427",2807.44133262842,1,3,1,107
"428",23247.8987326284,2,4,1,109
"429",2882.37493262842,2,1,1,109
"430",2600.26043262842,1,1,1,910
"431",18340.4867326284,2,3,10,27
"432",1924.37993262842,1,1,1,107
"433",4011.61563262842,1,1,9,25
"434",11203.4577326284,2,1,1,1010
"435",5840.17693262842,2,3,1,97
"436",7465.31953262842,1,1,7,1010
"437",3137.47433262842,1,1,7,1010
"438",2307.48673262842,1,1,6,1010
"439",15866.0437326284,2,1,10,1010
"440",3117.85463262842,2,1,1,1010
"441",666.68663262842,1,1,1,97
"442",2361.45063262842,1,1,1,98
"443",4500.42153262842,1,1,1,99
"444",3060.93623262842,2,3,4,99
"445",5178.32683262842,1,1,1,1010
"446",18227.2017326284,2,3,4,107
"447",2816.60413262842,1,1,5,1010
"448",7788.11103262842,2,1,1,108
"449",28496.4967326284,1,4,1,1010
"450",4234.61103262842,1,1,1,1010
"451",2181.98703262842,1,1,1,1010
"452",2093.85633262842,1,1,1,97
"453",2629.04513262842,2,1,1,1010
"454",8293.12513262842,1,1,1,510
"455",4136.49283262842,2,1,1,1010
"456",3778.23183262842,1,1,1,1010
"457",755.88469262842,2,1,1,1010
"458",11308.0207326284,1,1,11,97
"459",2004.65813262842,1,1,1,1010
"460",1469.46953262842,2,1,9,108
"461",6214.80873262842,1,2,9,106
"462",6107.77113262842,1,1,11,98
"463",2807.44133262842,1,1,5,109
"464",4925.89613262842,1,1,3,105
"465",3301.59323262842,1,1,1,109
"466",6948.31023262842,1,1,1,1010
"467",19576.6857326284,1,3,1,99
"468",4413.00703262842,1,1,5,108
"469",8337.72383262842,1,1,1,1010
"470",6375.36543262842,1,1,1,109
"471",7953.27993262842,1,1,1,910
"472",1059.15823262842,1,1,1,109
"473",2084.93643262842,1,1,1,310
"474",5929.37513262842,2,1,1,510
"475",5251.46943262842,1,1,10,1010
"476",3106.25483262842,1,1,1,109
"477",7624.13933262842,1,3,6,107
"478",8890.75213262842,2,1,1,1010
"479",6434.79213262842,2,3,4,99
"480",4252.45033262842,1,3,1,99
"481",10488.9547326284,1,4,9,107
"482",5858.01673262842,1,1,1,1010
"483",11834.2897326284,2,1,1,97
"484",8410.24623262842,1,1,1,1010
"485",5572.58273262842,2,1,1,108
"486",1134.38563262842,1,1,5,99
"487",3992.28773262842,1,1,1,1010
"488",1558.66763262842,1,1,1,99
"489",6901.63443262842,1,1,8,98
"490",3565.62513262842,1,1,1,1010
"491",7945.25213262842,1,3,8,97
"492",4413.00703262842,2,1,1,108
"493",7624.13933262842,1,3,8,57
"494",5475.01333262842,1,1,1,99
"495",13868.0067326284,1,3,5,38
"496",4112.40933262842,1,1,6,98
"497",11798.6107326284,1,1,7,98
"498",16008.7607326284,1,1,1,99
"499",4390.09633262842,1,1,1,1010
"500",13930.4457326284,1,3,6,102
"501",1625.56633262842,2,1,8,97
"502",7891.73353262842,2,1,1,109
"503",1737.06393262842,2,1,1,1010
"504",24677.0337326284,2,1,1,910
"505",1380.27153262842,2,1,1,105
"506",8456.52463262842,1,1,7,79
"507",6879.74483262842,2,3,1,59
"508",3012.59683262842,1,1,1,1010
"509",11241.9007326284,1,3,6,109
"510",845.08281262842,1,3,5,107
"511",7579.54023262842,1,1,6,109
"512",2191.97433262842,1,1,6,108
"513",7508.18133262842,2,1,1,98
"514",1169.62723262842,1,1,1,98
"515",4609.24283262842,1,1,8,99
"516",22615.0667326284,2,1,1,109
"517",2655.80433262842,1,1,1,1010
"518",4792.26723262842,1,1,1,1010
"519",18512.3617326284,2,3,1,107
"520",6411.04463262842,1,3,8,102
"521",3119.63473262842,1,1,1,1010
"522",6821.35613262842,2,1,1,107
"523",2860.96013262842,2,1,1,108
"524",2629.04513262842,2,1,1,1010
"525",9515.13883262842,1,1,1,1010
"526",7011.50503262842,1,1,1,1010
"527",26444.9397326284,2,1,8,97
"528",9961.12873262842,1,1,1,97
"529",10300.0817326284,1,1,12,210
"530",19130.6957326284,2,4,9,25
"531",577.48851262842,1,1,1,910
"532",4430.84683262842,1,1,1,1010
"533",4216.77113262842,1,1,1,109
"534",7228.56313262842,1,1,4,108
"535",1003.64553262842,1,1,4,99
"536",1220.56523262842,1,1,1,1010
"537",2272.25263262842,1,1,5,97
"538",3788.62053262842,1,2,11,57
"539",7891.73353262842,2,1,1,55
"540",3030.43643262842,1,1,3,1010
"541",1228.80543262842,1,1,7,59
"542",14164.0187326284,1,1,1,1010
"543",943.20073262842,1,1,1,99
"544",4101.44113262842,1,1,1,109
"545",496.92107262842,1,1,1,1010
"546",7051.96303262842,1,1,8,97
"547",577.48851262842,1,1,1,108
"548",4370.97723262842,1,1,1,109
"549",2629.04513262842,1,1,1,1010
"550",2474.10733262842,2,1,1,910
"551",4290.39663262842,1,3,1,99
"552",4279.21013262842,1,3,1,109
"553",9569.90833262842,1,1,1,1010
"554",8025.53043262842,1,1,1,107
"555",18123.3187326284,1,1,9,97
"556",24677.0337326284,1,1,1,910
"557",12722.4050659618,1,4,7,97
"558",6982.80483262842,1,3,11,96
"559",6428.88443262842,1,1,1,1010
"560",3877.81853262842,1,1,2,108
"561",6241.56853262842,1,1,7,1010
"562",2860.78113262842,2,1,7,77
"563",7356.54463262842,2,1,6,38
"564",29031.6857326284,2,4,6,107
"565",7517.10123262842,1,1,1,95
"566",3204.37273262842,2,1,1,1010
"567",11290.1817326284,1,1,1,99
"568",12886.8277326284,2,1,9,103
"569",4520.62173262842,1,1,1,1010
"570",4832.23843262842,1,1,1,1010
"571",14522.1263992951,1,3,11,107
"572",11332.6727326284,1,4,9,96
"573",2936.42933262842,1,1,1,98
"574",13213.0917326284,1,1,9,35
"575",2341.33273262842,1,1,1,1010
"576",2539.84683262842,1,4,1,107
"577",666.68663262842,2,1,9,99
"578",6910.55433262842,1,1,7,1010
"579",1752.36203262842,1,3,1,109
"580",11608.3217326284,1,1,1,1010
"581",1349.78423262842,1,1,1,107
"582",3484.51703262842,1,1,9,109
"583",6527.00213262842,1,1,9,108
"584",9586.49723262842,1,1,1,1010
"585",7285.18623262842,1,1,1,109
"586",1220.88583262842,1,1,1,1010
"587",2932.31853262842,1,1,3,1010
"588",12053.2547326284,2,1,9,102
"589",20254.5917326284,2,1,1,28
"590",22252.6287326284,1,1,11,28
"591",3453.81093262842,1,1,1,1010
"592",12223.8727326284,1,1,3,910
"593",3754.38103262842,1,1,1,1010
"594",4828.55193262842,2,1,1,1010
"595",6459.53923262842,1,3,1,97
"596",854.00261262842,1,1,1,910
"597",8203.92693262842,2,1,5,98
"598",18968.1657326284,1,1,1,99
"599",1201.87533262842,2,1,1,108
"600",10879.8707326284,1,1,1,98
"601",2629.04513262842,1,1,1,103
"602",11727.2517326284,1,2,8,87
"603",6196.96943262842,2,1,1,108
"604",3026.19813262842,1,1,1,109
"605",9565.57053262842,2,1,1,105
"606",5095.47773262842,2,1,11,97
"607",11490.9307326284,1,1,6,105
"608",3057.19593262842,1,3,1,99
"609",10316.4557326284,1,1,1,1010
"610",1906.54033262842,1,1,1,910
"611",1362.43183262842,2,1,1,1010
"612",3623.73283262842,1,1,1,1010
"613",3476.42693262842,1,1,1,1010
"614",4257.56463262842,2,3,9,99
"615",6210.04953262842,1,1,7,109
"616",17449.2540659618,1,1,1,99
"617",1844.10163262842,2,1,1,1010
"618",8426.92203262842,1,1,12,95
"619",12665.6167326284,1,3,6,99
"620",1980.95453262842,2,1,1,910
"621",7310.16183262842,2,1,1,98
"622",14559.0627326284,2,1,1,107
"623",4145.41273262842,1,1,1,1010
"624",9764.89373262842,1,1,4,107
"625",10888.7897326284,2,3,1,99
"626",12315.9587326284,1,1,1,1010
"627",10603.3727326284,1,1,1,97
"628",1960.21993262842,1,1,1,910
"629",1469.46953262842,2,1,1,108
"630",2047.11613262842,1,1,1,1010
"631",6428.88443262842,1,1,9,107
"632",4618.16273262842,2,1,1,106
"633",13035.4910659618,2,1,9,1010
"634",16448.1287326284,1,1,6,98
"635",17525.1287326284,1,3,11,109
"636",978.87993262842,1,1,8,109
"637",3117.85463262842,1,1,1,1010
"638",3842.13933262842,1,1,1,910
"639",13957.2057326284,2,1,9,109
"640",3253.43183262842,2,1,1,107
"641",12779.7897326284,2,1,6,93
"642",1005.63943262842,2,1,1,1010
"643",16187.1577326284,2,2,1,109
"644",6196.96943262842,2,1,1,910
"645",738.04509262842,1,1,1,1010
"646",28728.4127326284,2,3,8,99
"647",3485.34683262842,1,1,1,97
"648",2487.22523262842,2,1,1,106
"649",2513.08753262842,1,1,9,1010
"650",3726.18183262842,1,1,1,1010
"651",3598.80733262842,1,3,1,910
"652",6712.01773262842,2,3,12,98
"653",27051.4867326284,2,1,1,95
"654",3325.51233262842,1,1,5,107
"655",2058.17713262842,1,3,1,99
"656",3788.62053262842,1,1,5,1010
"657",4858.99773262842,1,1,11,98
"658",845.08281262842,2,1,4,99
"659",238.53569262842,1,1,1,1010
"660",2218.73383262842,1,1,9,108
"661",11080.5657326284,2,1,1,1010
"662",1380.27153262842,1,1,1,1010
"663",29566.8727326284,1,1,9,105
"664",12069.1783992951,1,1,9,47
"665",7980.93133262842,2,3,12,94
"666",10951.3270659618,2,1,1,107
"667",22680.7797326284,1,1,1,910
"668",1374.48763262842,2,1,1,99
"669",6196.96943262842,1,1,1,44
"670",2413.10103262842,1,1,6,1010
"671",6245.66083262842,1,1,1,1010
"672",2223.57833262842,1,1,1,1010
"673",5929.37513262842,2,1,1,1010
"674",1971.77773262842,2,1,1,1010
"675",1779.76103262842,1,1,1,1010
"676",11125.2427326284,1,3,1,99
"677",2093.85633262842,2,1,5,109
"678",1335.67243262842,1,1,1,28
"679",5840.17693262842,2,3,10,97
"680",3748.59543262842,1,1,1,99
"681",13985.1857326284,1,1,1,510
"682",1680.54513262842,1,1,1,109
"683",11548.8557326284,1,1,1,98
"684",4413.00703262842,1,3,9,57
"685",10300.0820659618,2,4,11,95
"686",8836.81563262842,2,1,1,109
"687",2775.71723262842,1,1,1,109
"688",1701.38473262842,2,1,1,109
"689",7324.38983262842,1,1,1,1010
"690",18212.1567326284,1,1,1,109
"691",2051.61203262842,1,1,1,1010
"692",14117.7617326284,1,1,9,55
"693",2183.05433262842,2,1,1,109
"694",9051.30873262842,1,1,1,107
"695",8819.39373262842,1,1,1,109
"696",19814.5470659618,1,1,3,910
"697",898.60167262842,1,1,1,310
"698",18506.3087326284,2,3,3,99
"699",4323.80923262842,2,1,1,109
"700",1752.36203262842,2,3,1,109
"701",2718.24313262842,1,1,1,109
"702",4853.49093262842,2,1,1,1010
"703",7891.73353262842,1,1,5,99
"704",3610.22433262842,2,1,7,58
"705",5233.62953262842,1,1,1,910
"706",8757.20723262842,1,1,1,1010
"707",3574.54483262842,1,1,4,77
"708",8750.09973262842,1,1,1,99
"709",5483.38443262842,1,4,11,108
"710",4209.88203262842,1,1,1,97
"711",14938.3837326284,2,3,9,94
"712",3440.74773262842,1,1,1,1010
"713",3342.62983262842,1,1,11,108
"714",3289.06613262842,1,3,5,109
"715",1514.06863262842,1,1,1,107
"716",2039.51823262842,2,1,1,103
"717",19219.8933992951,2,1,1,105
"718",3574.54483262842,1,1,1,107
"719",8525.04023262842,2,1,11,58
"720",5516.31213262842,1,1,1,1010
"721",20468.6657326284,1,1,1,1010
"722",3529.94593262842,1,1,1,1010
"723",4693.23303262842,1,3,1,37
"724",797.26823262842,2,1,9,1010
"725",3521.72993262842,1,1,1,1010
"726",7891.73353262842,2,1,6,109
"727",20119.9027326284,1,4,9,109
"728",4413.00703262842,1,4,8,107
"729",7534.94113262842,1,1,9,105
"730",1737.06393262842,1,1,1,1010
"731",6233.68373262842,2,1,7,99
"732",628.66179262842,1,1,1,1010
"733",3967.01653262842,2,1,3,57
"734",20692.9023992951,1,1,1,1010
"735",8676.67693262842,2,1,8,97
"736",5571.51823262842,2,1,5,910
"737",4912.51673262842,2,1,1,108
"738",14941.8287326284,2,1,1,99
"739",3028.90153262842,1,1,1,1010
"740",2983.85223262842,1,1,1,1010
"741",2004.65813262842,2,1,1,108
"742",5528.02213262842,1,1,1,109
"743",11563.3507326284,2,2,8,1010
"744",3273.51013262842,1,1,1,107
"745",3150.85393262842,2,3,8,97
"746",10210.8843992951,1,3,7,97
"747",3164.23353262842,1,1,1,98
"748",8409.08223262842,2,1,9,108
"749",27961.3087326284,1,1,1,910
"750",5215.79023262842,1,1,1,1010
"751",4243.53093262842,1,1,1,1010
"752",6241.56853262842,1,1,1,1010
"753",1201.87533262842,2,1,1,1010
"754",12084.0437326284,1,1,1,810
"755",5215.79023262842,1,1,1,1010
"756",13600.4127326284,1,2,9,59
"757",1640.01953262842,1,3,1,108
"758",10656.8747326284,1,1,1,109
"759",24036.5917326284,1,1,7,99
"760",3073.40323262842,2,1,9,910
"761",10446.6247326284,1,1,7,95
"762",18238.7147326284,1,1,1,53
"763",755.88469262842,2,1,1,105
"764",4413.00703262842,1,1,1,1010
"765",8805.08413262842,1,1,1,98
"766",16196.0777326284,1,1,1,1010
"767",3735.10153262842,1,1,1,1010
"768",2183.05433262842,2,1,1,102
"769",2966.87863262842,2,3,11,105
"770",2275.19453262842,1,1,1,99
"771",6018.57293262842,1,1,1,97
"772",11548.8557326284,1,1,12,108
"773",22609.4217326284,2,4,9,109
"774",10103.8467326284,1,1,4,99
"775",1621.25363262842,1,1,1,108
"776",4283.63833262842,2,1,1,109
"777",6999.75213262842,1,1,1,1010
"778",6368.30193262842,2,1,1,1010
"779",7151.38933262842,1,3,8,99
"780",4943.61103262842,1,1,1,1010
"781",8922.96693262842,2,1,1,1010
"782",1915.46013262842,1,1,9,108
"783",1362.43183262842,2,1,1,1010
"784",2852.04023262842,1,1,1,1010
"785",7190.90303262842,1,3,7,109
"786",4875.05343262842,1,3,1,107
"787",5304.98843262842,2,1,5,98
"788",1335.67243262842,2,1,7,108
"789",7008.67203262842,1,3,9,108
"790",9229.70523262842,2,3,9,97
"791",7534.94113262842,1,1,1,28
"792",3515.05803262842,1,1,1,910
"793",2272.25263262842,2,1,12,98
"794",3788.62053262842,2,1,1,1010
"795",8290.74333262842,1,1,1,1010
"796",8837.23353262842,2,3,11,58
"797",2616.87713262842,1,1,1,1010
"798",11013.6667326284,1,3,11,27
"799",2040.33753262842,1,1,1,97
"800",8186.08713262842,2,1,6,22
"801",10210.8837326284,1,4,10,98
"802",3059.98113262842,1,1,1,95
"803",5420.94593262842,1,1,1,109
"804",2076.01673262842,1,1,1,99
"805",4136.49283262842,1,3,6,25
"806",12440.8367326284,1,1,1,1010
"807",1469.46953262842,1,1,1,107
"808",1130.51673262842,1,1,1,1010
"809",5874.96403262842,1,1,1,1010
"810",1732.54383262842,2,1,1,1010
"811",5661.78093262842,1,1,6,98
"812",7011.50503262842,1,1,1,1010
"813",4992.79513262842,2,1,1,109
"814",7320.86543262842,1,1,1,109
"815",7766.85613262842,1,3,1,1010
"816",4346.10853262842,2,1,10,105
"817",1228.63473262842,1,1,2,1010
"818",3030.43643262842,1,1,4,910
"819",1869.97063262842,2,3,1,1010
"820",3401.24823262842,1,2,1,1010
"821",11080.5657326284,1,1,1,1010
"822",10466.5853992951,1,1,1,510
"823",4101.73453262842,1,1,1,1010
"824",6999.75213262842,2,1,1,109
"825",7517.10123262842,2,1,1,97
"826",5929.37513262842,2,1,10,1010
"827",2836.65833262842,1,1,1,1010
"828",11905.6487326284,1,1,1,108
"829",2093.85633262842,1,1,1,1010
"830",996.71963262842,1,1,9,105
"831",2450.64883262842,2,1,6,210
"832",4948.19593262842,2,1,1,108
"833",3431.82803262842,1,1,1,93
"834",5394.18623262842,1,1,9,1010
"835",9497.29903262842,1,1,5,29
"836",8872.91223262842,2,1,11,1010
"837",29674.9807326284,1,3,12,19
"838",12943.4547326284,1,1,1,910
"839",20068.5017326284,1,1,2,97
"840",5438.78533262842,2,1,1,98
"841",13215.0767326284,1,1,1,1010
"842",11563.3507326284,1,2,4,1010
"843",2449.73183262842,2,1,1,97
"844",10335.7617326284,1,1,1,910
"845",6718.77853262842,2,1,1,1010
"846",2878.79973262842,1,1,9,1010
"847",1467.68563262842,2,1,1,106
"848",3216.89693262842,1,1,8,108
"849",1299.49653262842,2,1,1,1010
"850",5358.50703262842,1,1,7,1010
"851",3426.56143262842,1,1,1,1010
"852",6750.76873262842,2,1,1,105
"853",4413.00703262842,2,3,9,107
"854",11983.1457326284,2,4,11,47
"855",5510.14373262842,1,1,1,910
"856",7208.92403262842,1,1,1,1010
"857",2093.85633262842,2,1,3,108
"858",2825.28093262842,1,1,1,510
"859",24185.2553992951,2,1,5,108
"860",1344.59223262842,1,1,1,107
"861",1083.52873262842,1,1,1,29
"862",29299.2797326284,2,1,1,1010
"863",5073.07343262842,1,3,11,98
"864",3298.03093262842,1,1,8,97
"865",6955.15353262842,1,1,1,910
"866",13778.8087326284,2,1,8,1010
"867",20468.6657326284,1,4,11,48
"868",2843.12053262842,2,3,1,99
"869",5278.22873262842,1,1,5,1010
"870",2093.85633262842,1,1,1,109
"871",6259.40793262842,1,1,1,99
"872",3253.43183262842,2,3,1,99
"873",9176.18573262842,2,1,1,109
"874",23055.4127326284,2,4,7,109
"875",15897.3547326284,1,1,4,57
"876",2629.04513262842,1,1,1,1010
"877",10152.5277326284,2,2,7,1010
"878",488.29039262842,2,1,3,109
"879",7088.95033262842,1,1,1,55
"880",1630.02613262842,1,1,1,1010
"881",15832.5947326284,1,1,3,99
"882",4816.97433262842,1,3,11,58
"883",18417.1097326284,1,4,11,27
"884",2522.00723262842,1,1,1,1010
"885",16086.0667326284,2,4,11,45
"886",1737.06393262842,1,1,1,1010
"887",5010.63443262842,2,1,1,109
"888",1897.62053262842,1,1,1,910
"889",21223.3497326284,1,1,1,1010
"890",7534.94113262842,1,1,1,99
"891",10954.2020659618,1,4,11,23
"892",4707.36103262842,1,3,1,96
"893",2893.25403262842,1,1,5,97
"894",2950.15813262842,1,1,1,1010
"895",10076.7927326284,1,3,1,97
"896",7178.14863262842,1,1,3,1010
"897",5304.98843262842,2,1,1,910
"898",2629.04513262842,1,1,7,1010
"899",7543.86003262842,2,3,1,97
"900",9666.77553262842,2,3,1,99
"901",19942.3987326284,2,1,9,104
"902",4395.16763262842,1,1,1,910
"903",13255.4327326284,1,1,1,1010
"904",7088.95033262842,2,1,1,108
"905",711.28563262842,1,1,9,98
"906",3075.03553262842,2,1,1,1010
"907",2629.04513262842,1,4,11,38
"908",3842.13933262842,1,1,1,1010
"909",17435.9317326284,1,2,12,109
"910",883.69505262842,1,1,1,1010
"911",12306.7697326284,1,3,9,99
"912",1255.39413262842,1,1,1,108
"913",381.25264262842,2,1,1,910
"914",3521.02603262842,2,1,1,108
"915",2444.92133262842,1,3,8,99
"916",27426.1197326284,2,1,11,27
"917",7534.94113262842,2,1,1,210
"918",4739.64273262842,2,1,8,104
"919",2867.87593262842,1,1,1,109
"920",1647.86573262842,2,1,1,1010
"921",10148.9677326284,2,1,6,98
"922",2314.17573262842,2,1,9,98
"923",8515.83313262842,1,1,1,59
"924",7241.30143262842,2,1,1,99
"925",3190.99313262842,1,1,1,109
"926",10958.9227326284,1,3,12,108
"927",21806.6387326284,1,1,1,910
"928",10303.6507326284,1,1,8,107
"929",2985.83733262842,2,1,1,107
"930",7615.04513262842,1,1,1,105
"931",5304.98843262842,2,1,1,109
"932",3610.22433262842,1,1,1,1010
"933",8962.11053262842,2,1,1,1010
"934",11067.1857326284,1,1,12,22
"935",809.40355262842,1,1,1,1010
"936",2852.04023262842,1,1,1,109
"937",6822.25603262842,2,1,1,108
"938",9839.44943262842,1,1,1,109
"939",8489.36053262842,1,1,1,105
"940",586.40831262842,1,1,1,109
"941",4136.49283262842,1,1,1,109
"942",7695.49773262842,1,3,7,97
"943",2985.83733262842,1,1,9,108
"944",7861.17793262842,1,1,5,1010
"945",7588.45963262842,1,1,11,48
"946",3120.23013262842,1,1,1,910
"947",1940.87283262842,1,1,1,99
"948",5171.19113262842,1,1,1,109
"949",4395.16763262842,1,2,8,108
"950",4609.24283262842,1,1,4,53
"951",1941.20033262842,2,1,1,1010
"952",5874.96213262842,1,1,2,109
"953",2397.12983262842,1,1,1,1010
"954",3521.02603262842,1,1,1,109
"955",1620.09493262842,1,1,1,1010
"956",711.28563262842,1,1,1,107
"957",15830.3657326284,1,1,10,108
"958",666.68663262842,2,1,1,1010
"959",21501.2947326284,2,1,1,109
"960",2183.05433262842,2,1,7,109
"961",3075.03553262842,1,1,5,94
"962",6535.92203262842,1,1,1,1010
"963",2905.55923262842,1,1,1,99
"964",4413.00703262842,1,1,1,109
"965",3503.18643262842,1,3,8,99
"966",2700.97403262842,2,1,1,109
"967",2576.52313262842,1,1,1,99
"968",13332.8187326284,2,1,1,98
"969",6286.27313262842,1,1,1,105
"970",3155.31393262842,1,1,1,1010
"971",13555.8137326284,1,1,1,910
"972",3699.42233262842,2,1,6,109
"973",9836.25213262842,1,1,1,107
"974",9983.52239929509,1,1,6,29
"975",9989.67273262842,2,1,9,107
"976",2183.05433262842,1,1,8,98
"977",16900.7427326284,2,1,1,109
"978",987.79983262842,1,3,1,99
"979",5929.37513262842,1,3,1,109
"980",2860.96013262842,1,1,6,910
"981",2379.29023262842,1,1,11,102
"982",4930.17013262842,1,1,1,1010
"983",1068.07803262842,1,1,3,108
"984",2700.40353262842,1,3,1,99
"985",9249.56953262842,1,1,1,1010
"986",1701.38473262842,1,1,1,1010
"987",20647.0627326284,1,2,5,107
"988",5572.58273262842,1,1,4,109
"989",2264.83633262842,1,1,1,105
"990",577.48851262842,1,1,1,1010
"991",3467.50723262842,1,1,1,107
"992",20022.6757326284,1,1,1,610
"993",3137.47433262842,2,1,1,1010
"994",3000.57973262842,1,1,1,1010
"995",9044.40153262842,1,3,1,98
"996",11374.9757326284,1,1,1,95
"997",4586.05143262842,1,1,9,99
"998",4680.60173262842,1,3,3,910
"999",4655.33223262842,1,1,1,1010
"1000",5215.79023262842,2,1,12,15
"1001",3413.27243262842,1,1,1,910
"1002",2236.57343262842,1,1,1,1010
"1003",4349.18623262842,1,1,9,92
"1004",2183.05433262842,2,1,1,1010
"1005",1505.14883262842,1,1,1,1010
"1006",3596.03553262842,1,1,5,109
"1007",11290.1817326284,2,1,1,99
"1008",1415.95073262842,1,1,1,99
"1009",2655.80433262842,1,1,1,109
"1010",6642.96013262842,1,1,11,55
"1011",2361.45063262842,1,1,1,107
"1012",14296.1577326284,2,3,1,96
"1013",712.44310262842,1,1,1,108
"1014",3253.43183262842,1,1,1,1010
"1015",10642.4310659618,2,1,9,105
"1016",5953.45863262842,1,1,11,99
"1017",9515.13883262842,2,1,1,1010
"1018",6072.09193262842,2,1,1,1010
"1019",1737.06393262842,1,1,1,95
"1020",4363.26433262842,1,1,1,1010
"1021",16454.7517326284,2,4,10,38
"1022",7534.94113262842,2,4,11,47
"1023",3075.03553262842,1,1,1,1010
"1024",1323.43453262842,2,1,1,108
"1025",443.69133262842,1,1,1,97
"1026",5843.72673262842,1,1,1,910
"1027",11846.1823992951,1,4,11,35
"1028",5704.30823262842,1,1,5,1010
"1029",12857.0950659618,1,4,8,49
"1030",3128.55433262842,1,1,7,97
"1031",2254.41303262842,1,1,5,108
"1032",5304.98843262842,1,1,8,105
"1033",5453.27993262842,1,1,1,1010
"1034",19844.2797326284,1,3,1,99
"1035",3708.34223262842,1,1,1,53
"1036",11994.8467326284,2,1,1,1010
"1037",20186.2947326284,1,3,9,99
"1038",3113.68793262842,1,1,1,1010
"1039",18692.8787326284,1,3,10,92
"1040",5033.18133262842,2,1,1,105
"1041",7660.92983262842,1,1,1,1010
"1042",622.08757262842,2,1,9,97
"1043",8493.92013262842,1,1,12,1010
"1044",1827.81703262842,1,1,9,108
"1045",18992.5093992951,1,4,11,47
"1046",3127.66253262842,1,1,9,97
"1047",6337.55383262842,2,1,1,1010
"1048",2538.95503262842,1,3,5,99
"1049",5463.16763262842,1,1,12,97
"1050",2369.29043262842,1,1,1,1010
"1051",2093.85633262842,1,1,1,109
"1052",4769.79953262842,1,1,3,109
"1053",16150.7297326284,1,1,1,109
"1054",648.84697262842,1,1,1,910
"1055",8957.21793262842,1,1,1,108
"1056",10531.9977326284,2,1,1,108
"1057",3967.01653262842,2,1,1,109
"1058",1299.99323262842,1,1,1,109
"1059",3055.39033262842,1,1,1,1010
"1060",2393.94473262842,1,1,9,102
"1061",3075.03553262842,1,1,11,910
"1062",4163.25263262842,1,1,1,107
"1063",20314.0747326284,1,3,8,99
"1064",16811.5447326284,2,1,1,98
"1065",4038.37513262842,1,1,1,109
"1066",8159.32733262842,1,1,9,1010
"1067",17495.3960659618,2,4,9,37
"1068",16008.7607326284,2,4,11,48
"1069",2629.04513262842,1,1,1,1010
"1070",4520.61543262842,1,1,1,1010
"1071",7918.68033262842,2,3,1,99
"1072",9197.57443262842,2,1,9,99
"1073",2887.41843262842,2,1,5,1010
"1074",3877.81853262842,1,1,8,1010
"1075",947.57530262842,1,1,1,99
"1076",8480.44063262842,2,3,8,99
"1077",3351.54973262842,1,1,1,1010
"1078",1015.08493262842,1,1,1,1010
"1079",2450.64883262842,2,1,6,99
"1080",3322.90933262842,1,1,3,1010
"1081",3789.65743262842,1,1,1,1010
"1082",19279.3583992951,2,1,9,105
"1083",2994.75723262842,1,1,1,1010
"1084",3556.70523262842,1,1,1,910
"1085",2629.04513262842,1,1,1,108
"1086",4448.68623262842,2,1,1,1010
"1087",5661.78093262842,1,1,1,107
"1088",1826.26203262842,1,1,1,93
"1089",4954.14223262842,1,1,1,1010
"1090",683.77934262842,1,1,1,1010
"1091",5840.17693262842,1,1,1,1010
"1092",12351.6387326284,1,2,9,1010
"1093",4332.72873262842,1,1,1,910
"1094",3273.51013262842,1,1,5,1010
"1095",2323.58293262842,2,1,1,108
"1096",17703.5257326284,1,3,1,99
"1097",8554.65153262842,1,3,1,109
"1098",3699.42233262842,1,1,1,109
"1099",5215.79023262842,1,1,1,1010
"1100",7093.41033262842,1,1,1,99
"1101",20679.1957326284,1,2,1,109
"1102",818.32341262842,1,1,1,1010
"1103",2013.57803262842,1,1,1,910
"1104",5919.52553262842,2,3,1,99
"1105",4324.07833262842,1,1,1,99
"1106",622.08757262842,2,1,8,95
"1107",916.44133262842,1,1,1,1010
"1108",2242.95233262842,1,3,4,57
"1109",29834.4687326284,2,1,6,910
"1110",3396.58123262842,1,3,8,1010
"1111",4492.64713262842,1,1,6,1010
"1112",4413.00703262842,1,2,9,107
"1113",19933.4787326284,1,1,1,1010
"1114",6179.12953262842,1,1,1,97
"1115",8159.32733262842,1,1,11,109
"1116",23479.1037326284,1,1,1,108
"1117",4305.96943262842,1,1,1,99
"1118",9816.45913262842,1,1,1,1010
"1119",6125.61103262842,1,1,1,105
"1120",7980.93133262842,1,3,6,107
"1121",5423.23213262842,1,1,1,1010
"1122",5198.94453262842,1,1,12,108
"1123",3253.43183262842,1,1,1,59
"1124",3387.22893262842,1,1,1,99
"1125",10634.5703992951,1,1,1,1010
"1126",8750.09973262842,2,1,5,1010
"1127",19936.8787326284,1,1,9,93
"1128",8141.48793262842,1,3,1,99
"1129",11193.9217326284,1,1,1,1010
"1130",6925.71793262842,2,1,4,57
"1131",4932.14033262842,1,1,1,1010
"1132",934.28093262842,2,1,8,94
"1133",4413.00703262842,1,1,1,1010
"1134",9720.29513262842,1,1,9,98
"1135",9854.09193262842,2,1,1,57
"1136",292.05455262842,1,1,4,1010
"1137",4472.12513262842,1,1,3,1010
"1138",8063.29953262842,1,1,5,1010
"1139",10300.0817326284,1,1,1,1010
"1140",2197.68233262842,1,1,1,1010
"1141",3450.49113262842,2,1,1,105
"1142",6196.96943262842,2,3,11,1010
"1143",9318.90353262842,1,3,7,99
"1144",4680.60173262842,1,1,1,68
"1145",5197.95033262842,1,3,8,98
"1146",3950.73353262842,1,1,1,1010
"1147",15964.1627326284,1,1,1,910
"1148",1714.76433262842,1,1,1,1010
"1149",6821.35613262842,1,1,2,109
"1150",12440.8367326284,1,4,11,99
"1151",1335.67243262842,2,1,1,1010
"1152",720.20549262842,1,1,1,1010
"1153",1142.96713262842,1,1,1,109
"1154",8198.82533262842,1,1,1,108
"1155",16008.7607326284,1,1,12,1010
"1156",1835.18183262842,1,1,1,99
"1157",12781.5737326284,1,3,7,109
"1158",936.39610262842,1,1,1,105
"1159",4018.79803262842,1,3,5,99
"1160",2243.83223262842,1,1,11,109
"1161",9918.95333262842,1,1,1,1010
"1162",10933.1817326284,2,1,1,95
"1163",5349.58713262842,1,1,1,108
"1164",2318.96503262842,1,1,1,1010
"1165",1291.07343262842,2,1,7,1010
"1166",3486.86343262842,2,3,1,99
"1167",7534.94113262842,1,1,8,1010
"1168",1932.85833262842,2,1,1,910
"1169",2361.45063262842,2,1,4,109
"1170",14005.7367326284,1,3,1,107
"1171",755.88469262842,1,1,4,1010
"1172",4707.36103262842,2,3,8,108
"1173",1656.78553262842,1,1,5,105
"1174",13454.0297326284,1,1,1,1010
"1175",964.08813262842,2,1,1,1010
"1176",4113.02853262842,1,1,1,104
"1177",17792.7227326284,1,1,1,1010
"1178",8355.56363262842,2,1,1,103
"1179",5064.15353262842,2,1,1,1010
"1180",10656.8747326284,2,3,9,98
"1181",5228.15493262842,2,1,1,1010
"1182",7463.58273262842,1,1,1,1010
"1183",5840.17693262842,2,1,1,97
"1184",5786.65793262842,1,1,1,1010
"1185",8533.96013262842,1,1,6,1010
"1186",3822.22693262842,1,3,1,99
"1187",1579.89213262842,2,1,1,1010
"1188",1826.26203262842,1,1,1,1010
"1189",1068.07803262842,1,1,8,108
"1190",3158.53073262842,1,1,8,910
"1191",3125.87863262842,1,1,10,109
"1192",8426.92203262842,1,1,12,95
"1193",2158.88613262842,2,1,1,109
"1194",3253.43183262842,2,1,6,107
"1195",24928.5727326284,1,4,11,24
"1196",5138.43763262842,1,1,1,910
"1197",5305.88003262842,1,1,1,107
"1198",9764.89373262842,1,1,1,109
"1199",9408.10173262842,2,1,1,1010
"1200",5929.37513262842,1,2,1,109
"1201",5322.82783262842,1,1,1,1010
"1202",25463.7597326284,2,4,11,108
"1203",1175.11573262842,1,1,1,1010
"1204",3208.83273262842,1,1,1,910
"1205",3324.79023262842,1,1,1,107
"1206",4787.63933262842,2,1,1,910
"1207",6036.41273262842,1,1,1,99
"1208",4127.57343262842,2,1,1,59
"1209",4011.61563262842,1,1,1,98
"1210",9363.50213262842,1,1,9,105
"1211",2227.65353262842,1,1,1,1010
"1212",1997.22513262842,2,1,4,78
"1213",9481.51873262842,2,1,4,108
"1214",21717.4397326284,1,1,1,109
"1215",11673.7337326284,2,1,5,105
"1216",4216.77113262842,1,1,1,1010
"1217",3005.11683262842,1,1,1,109
"1218",1023.47903262842,1,1,12,98
"1219",2575.29633262842,1,1,1,1010
"1220",24128.9007326284,1,3,11,17
"1221",4305.96943262842,2,1,1,1010
"1222",4511.30973262842,1,1,1,98
"1223",1647.86573262842,2,1,1,99
"1224",7980.93133262842,2,1,1,99
"1225",4778.71943262842,1,1,1,1010
"1226",2013.57803262842,1,1,1,107
"1227",9764.89373262842,1,1,9,107
"1228",12238.6550659618,1,1,1,99
"1229",1505.14883262842,1,1,1,1010
"1230",2183.05433262842,2,1,1,108
"1231",5358.50703262842,1,1,9,1010
"1232",25196.1657326284,1,1,11,38
"1233",2762.84223262842,1,1,1,107
"1234",3717.26193262842,1,1,1,910
"1235",8872.91223262842,2,1,1,910
"1236",10149.7877326284,1,1,1,98
"1237",3449.66763262842,1,1,1,1010
"1238",3859.97893262842,1,1,9,108
"1239",711.28563262842,1,1,1,109
"1240",10210.8837326284,1,2,1,1010
"1241",5260.38933262842,2,1,1,1010
"1242",3342.62983262842,2,1,11,102
"1243",12738.1643992951,1,1,6,108
"1244",14819.7407326284,2,1,1,58
"1245",9717.62513262842,1,1,1,1010
"1246",10880.3437326284,1,2,1,1010
"1247",3015.16693262842,2,1,1,109
"1248",24928.5727326284,1,4,11,24
"1249",1714.76433262842,2,1,1,1010
"1250",2775.71723262842,2,1,1,97
"1251",1986.81863262842,2,1,1,99
"1252",15562.7707326284,1,1,1,1010
"1253",14670.7893992951,1,3,11,107
"1254",3921.04703262842,2,1,1,1010
"1255",15848.2047326284,1,1,9,105
"1256",2672.03503262842,2,1,1,1010
"1257",26127.3947326284,1,1,7,103
"1258",7088.95033262842,1,1,1,1010
"1259",4479.90593262842,1,1,1,98
"1260",6681.24093262842,1,1,1,95
"1261",5893.69593262842,2,1,1,98
"1262",9764.89373262842,1,3,11,1010
"1263",3447.29703262842,1,1,1,99
"1264",1905.56253262842,1,1,1,1010
"1265",7013.03633262842,2,3,1,97
"1266",2539.84683262842,2,1,1,108
"1267",1201.87533262842,1,1,1,107
"1268",20736.2617326284,1,1,1,1010
"1269",13151.9807326284,1,4,11,1010
"1270",1949.79073262842,1,1,1,1010
"1271",3164.23353262842,1,3,12,108
"1272",14554.8317326284,2,1,7,1010
"1273",28728.4127326284,2,1,1,109
"1274",7310.61833262842,2,3,1,99
"1275",22698.6197326284,1,1,6,108
"1276",3271.27143262842,2,1,7,109
"1277",2400.28293262842,1,1,7,98
"1278",4649.11983262842,2,3,1,99
"1279",8293.12513262842,1,1,1,103
"1280",2209.81393262842,2,1,1,98
"1281",3075.03553262842,1,4,11,57
"1282",7891.73353262842,1,1,9,109
"1283",10951.2287326284,1,3,8,99
"1284",5304.98843262842,1,1,1,1010
"1285",760.79509262842,2,1,1,1010
"1286",2209.81393262842,2,1,11,107
"1287",3298.03093262842,2,1,8,910
"1288",6844.54753262842,1,1,8,99
"1289",10141.0117326284,2,1,11,57
"1290",5475.01333262842,2,1,1,105
"1291",2741.02023262842,1,1,1,1010
"1292",934.28093262842,1,1,1,910
"1293",3235.59223262842,1,1,1,108
"1294",2629.04513262842,2,1,9,105
"1295",5403.10613262842,1,1,1,1010
"1296",2548.71993262842,2,1,1,1010
"1297",1335.67243262842,2,1,5,98
"1298",6826.40303262842,1,1,1,1010
"1299",952.12053262842,2,1,1,109
"1300",3967.01653262842,2,1,1,109
"1301",5304.98843262842,2,1,1,109
"1302",755.88469262842,1,1,1,99
"1303",13000.2967326284,2,2,5,1010
"1304",1759.74243262842,2,1,1,58
"1305",6375.36543262842,1,1,1,1010
"1306",3967.01653262842,2,1,8,1010
"1307",13481.4820659618,2,1,5,99
"1308",15291.3087326284,1,1,1,910
"1309",3521.02603262842,2,1,1,1010
"1310",845.08281262842,2,1,1,910
"1311",7980.93133262842,1,1,5,108
"1312",13735.1107326284,1,2,12,1010
"1313",1897.62053262842,1,1,1,108
"1314",14176.7637326284,1,3,1,109
"1315",10454.5237326284,1,1,9,28
"1316",2002.20233262842,1,1,1,1010
"1317",7953.88833262842,2,1,1,1010
"1318",7677.65793262842,1,1,2,27
"1319",8361.29213262842,1,4,11,109
"1320",3858.12783262842,1,1,1,98
"1321",1986.81863262842,1,1,3,99
"1322",7864.97383262842,2,1,1,99
"1323",4669.54993262842,2,1,1,1010
"1324",3469.96063262842,1,1,1,105
"1325",3227.91223262842,1,1,3,26
"1326",15634.1287326284,2,1,5,108
"1327",9720.29513262842,2,3,10,77
"1328",1714.76433262842,1,1,1,97
"1329",845.08281262842,1,1,9,1010
"1330",2183.05433262842,1,1,1,97
"1331",3641.44353262842,1,1,7,105
"1332",2147.37513262842,2,1,1,109
"1333",4975.49823262842,1,1,1,1010
"1334",6519.59833262842,1,1,1,1010
"1335",3699.42233262842,2,1,1,1010
"1336",21133.4667326284,2,1,1,108
"1337",2591.23403262842,1,1,10,1010
"1338",5020.96163262842,1,1,1,108
"1339",1323.94783262842,1,1,1,1010
"1340",1208.61853262842,1,1,1,1010
"1341",1029.24433262842,2,1,1,97
"1342",8248.52553262842,1,1,1,109
"1343",292.05455262842,1,1,1,1010
"1344",934.28093262842,2,1,1,108
"1345",9363.50213262842,2,1,1,1010
"1346",6553.76193262842,2,1,10,99
"1347",8498.28043262842,1,1,1,1010
"1348",6466.27463262842,1,1,1,1010
"1349",14375.1477326284,1,3,1,99
"1350",26409.2597326284,2,1,1,1010
"1351",3092.87513262842,1,1,1,910
"1352",28550.0157326284,1,3,7,99
"1353",10013.3523992951,2,1,11,105
"1354",1692.46493262842,1,1,1,1010
"1355",5706.37953262842,1,3,4,29
"1356",2700.40353262842,1,1,1,99
"1357",9274.04803262842,1,1,4,105
"1358",9278.67013262842,1,1,1,1010
"1359",6453.86003262842,1,3,9,99
"1360",4056.21453262842,2,1,7,97
"1361",4359.48843262842,1,1,9,99
"1362",2374.93913262842,1,1,1,1010
"1363",3949.17693262842,1,1,1,1010
"1364",4294.00263262842,2,3,1,109
"1365",668.81511262842,1,1,1,109
"1366",15901.7237326284,2,3,1,107
"1367",6018.57293262842,1,1,8,107
"1368",2075.33513262842,2,1,1,1010
"1369",5475.01333262842,1,1,1,109
"1370",13184.1550659618,1,1,1,107
"1371",2304.36393262842,2,3,11,59
"1372",12822.8920659618,2,4,10,47
"1373",6006.34143262842,2,3,5,97
"1374",2807.44133262842,1,1,11,109
"1375",5412.02603262842,1,1,1,107
"1376",2316.85173262842,1,1,1,1010
"1377",3521.02603262842,1,1,9,109
"1378",2727.16303262842,1,1,1,1010
"1379",5226.33563262842,1,1,1,1010
"1380",8293.12513262842,2,1,1,910
"1381",5347.80343262842,2,1,1,97
"1382",3096.51673262842,1,1,3,58
"1383",2711.17693262842,1,1,1,108
"1384",3271.27143262842,1,1,1,1010
"1385",14021.3007326284,2,1,9,108
"1386",1701.38473262842,1,1,1,1010
"1387",25820.5527326284,1,1,1,95
"1388",1960.05913262842,1,1,1,1010
"1389",1166.19593262842,1,1,1,63
"1390",2062.97743262842,1,1,1,1010
"1391",2468.48843262842,1,1,1,1010
"1392",5750.97873262842,2,3,8,97
"1393",1551.97113262842,2,1,1,109
"1394",2495.77823262842,1,1,1,1010
"1395",2698.50283262842,1,1,1,1010
"1396",2045.65323262842,1,1,1,910
"1397",1543.44853262842,1,1,1,1010
"1398",6196.96943262842,1,3,1,1010
"1399",3417.75703262842,1,1,1,95
"1400",640.98979262842,2,1,1,1010
"1401",14135.6007326284,1,1,1,98
"1402",3048.27603262842,1,1,1,1010
"1403",4522.12663262842,1,1,1,99
"1404",2929.37173262842,2,1,1,109
"1405",4181.29753262842,1,1,1,1010
"1406",8426.92203262842,2,1,1,109
"1407",1603.26673262842,1,1,1,1010
"1408",4145.41273262842,2,1,5,910
"1409",14522.1263992951,2,1,10,108
"1410",1737.06393262842,1,1,1,1010
"1411",4795.26433262842,1,1,4,108
"1412",2867.87593262842,2,1,1,107
"1413",3342.62983262842,1,1,1,103
"1414",3877.81853262842,1,1,1,98
"1415",2843.12053262842,1,1,1,1010
"1416",6072.09193262842,1,1,8,95
"1417",7891.73353262842,1,1,1,1010
"1418",5108.75263262842,1,1,7,99
"1419",1469.46953262842,1,1,1,1010
"1420",1458.50723262842,1,1,1,108
"1421",2878.79973262842,1,1,1,99
"1422",7051.96303262842,1,1,6,97
"1423",3041.14033262842,2,1,1,98
"1424",17362.8947326284,1,1,7,109
"1425",738.04509262842,1,1,1,1010
"1426",2683.63613262842,1,1,1,1010
"1427",1005.63943262842,1,3,1,99
"1428",887.65257262842,1,1,1,1010
"1429",20119.9027326284,2,4,11,49
"1430",1380.27153262842,2,1,1,99
"1431",1573.59683262842,1,1,1,1010
"1432",6982.80483262842,1,3,1,109
"1433",3699.42233262842,1,1,7,910
"1434",4166.31613262842,1,1,1,108
"1435",14693.4397326284,2,1,1,97
"1436",7980.93133262842,2,1,9,108
"1437",633.09660262842,2,1,1,1010
"1438",9240.03243262842,2,1,4,95
"1439",11994.8467326284,2,1,9,57
"1440",3719.49533262842,2,1,12,109
"1441",12315.0677326284,1,1,1,108
"1442",4805.41373262842,1,1,1,108
"1443",17079.1380659618,2,1,10,108
"1444",3342.62983262842,1,1,9,1010
"1445",2584.44593262842,1,1,3,95
"1446",3699.42233262842,2,1,1,1010
"1447",5938.29463262842,1,1,6,108
"1448",4493.28533262842,1,3,1,79
"1449",7285.18623262842,2,1,1,109
"1450",2672.03503262842,1,1,3,1010
"1451",470.45079262842,1,1,1,1010
"1452",2245.77483262842,1,1,1,109
"1453",9404.74043262842,1,1,1,109
"1454",2932.31853262842,1,1,1,1010
"1455",1963.62713262842,1,1,1,510
"1456",5483.38443262842,1,1,1,76
"1457",2673.64393262842,2,1,3,1010
"1458",1737.06393262842,1,3,1,910
"1459",15437.8937326284,1,1,1,910
"1460",6580.52113262842,1,1,1,1010
"1461",21985.0357326284,1,1,9,98
"1462",6110.44743262842,2,3,11,17
"1463",845.08281262842,2,1,1,1010
"1464",2361.45063262842,2,1,1,105
"1465",2049.25723262842,2,1,1,95
"1466",5483.38443262842,2,4,9,107
"1467",2629.04513262842,1,1,1,1010
"1468",4680.60173262842,2,1,1,1010
"1469",4270.29023262842,1,1,8,910
"1470",10807.5407326284,1,1,1,1010
"1471",2272.25263262842,1,1,1,107
"1472",3610.22433262842,1,1,1,99
"1473",4805.46213262842,1,1,1,109
"1474",14968.1173992951,1,4,11,107
"1475",1824.21063262842,1,1,1,108
"1476",3418.44813262842,1,1,11,107
"1477",3878.04633262842,2,1,1,1010
"1478",2970.22773262842,2,1,1,1010
"1479",5308.24093262842,1,3,9,99
"1480",16234.7293992951,1,3,1,99
"1481",7088.95033262842,1,3,9,98
"1482",6250.48843262842,1,1,1,98
"1483",1987.64643262842,2,1,1,109
"1484",3574.54483262842,1,1,1,1010
"1485",9943.29023262842,1,1,11,107
"1486",27051.4867326284,1,1,9,95
"1487",7980.93133262842,2,1,8,27
"1488",1023.47903262842,1,1,1,1010
"1489",2447.39713262842,1,1,1,108
"1490",3521.02603262842,1,1,1,109
"1491",4345.29463262842,1,1,8,109
"1492",25374.5627326284,2,1,1,1010
"1493",28496.4967326284,1,1,1,97
"1494",4314.88933262842,1,1,1,99
"1495",1897.62053262842,1,1,9,98
"1496",9764.89373262842,2,1,3,108
"1497",2332.77753262842,2,1,1,1010
"1498",2867.87593262842,1,1,1,1010
"1499",5929.37513262842,2,3,1,99
"1500",5304.98843262842,2,1,12,108
"1501",25166.0767326284,2,4,11,104
"1502",4304.23403262842,1,1,1,1010
"1503",2953.54803262842,1,1,1,1010
"1504",4279.21013262842,1,1,7,1010
"1505",755.88469262842,1,1,9,1010
"1506",2271.62833262842,1,1,1,1010
"1507",24036.5917326284,2,1,1,109
"1508",3508.01773262842,1,1,1,1010
"1509",3574.54483262842,1,1,1,1010
"1510",2910.01893262842,2,1,1,109
"1511",5750.97873262842,1,3,9,96
"1512",5929.37513262842,2,1,4,108
"1513",5037.39373262842,1,3,1,108
"1514",7241.30143262842,1,1,7,97
"1515",24645.3597326284,2,1,1,1010
"1516",1112.67713262842,1,1,1,1010
"1517",12943.4547326284,1,1,5,109
"1518",1873.77373262842,1,1,5,95
"1519",3146.39393262842,2,1,1,99
"1520",21137.6507326284,2,1,12,1010
"1521",12440.8367326284,1,1,6,97
"1522",4172.17203262842,1,1,1,1010
"1523",1531.90823262842,1,1,1,1010
"1524",13689.6107326284,1,3,8,109
"1525",5840.17693262842,1,3,9,1010
"1526",6660.79953262842,2,3,9,99
"1527",13957.2057326284,1,1,9,105
"1528",2896.63933262842,1,1,11,1010
"1529",2354.20383262842,1,1,1,1010
"1530",5001.71453262842,1,1,1,1010
"1531",1790.58283262842,1,1,1,109
"1532",14941.8287326284,1,1,1,98
"1533",720.20549262842,1,1,1,1010
"1534",2961.57853262842,2,1,1,99
"1535",17792.7240659618,2,1,11,1010
"1536",20424.5807326284,1,1,1,1010
"1537",6223.72873262842,1,1,1,1010
"1538",5938.29463262842,2,1,6,108
"1539",8174.91523262842,1,2,1,910
"1540",9812.73263262842,2,1,9,710
"1541",2283.50263262842,1,1,1,1010
"1542",4234.61103262842,2,1,1,87
"1543",4888.13053262842,1,1,1,1010
"1544",10032.4887326284,1,1,11,99
"1545",5420.94593262842,2,1,1,1010
"1546",5483.38443262842,1,1,1,1010
"1547",845.08281262842,2,1,1,1010
"1548",21824.4787326284,2,4,11,27
"1549",2076.01673262842,1,1,1,109
"1550",1630.02613262842,1,1,1,910
"1551",4769.79953262842,1,1,1,1010
"1552",2896.63933262842,2,1,1,97
"1553",9980.60773262842,2,1,5,98
"1554",5429.86543262842,1,1,1,1010
"1555",1166.19593262842,1,1,1,1010
"1556",12530.0357326284,2,1,1,1010
"1557",809.40355262842,1,1,7,1010
"1558",2432.80923262842,1,1,1,1010
"1559",15222.9607326284,1,1,5,28
"1560",5037.39373262842,2,2,1,1010
"1561",21312.5237326284,2,1,11,25
"1562",1398.11113262842,2,1,6,1010
"1563",28942.4867326284,2,2,1,109
"1564",1826.26203262842,1,1,7,1010
"1565",5438.78533262842,1,1,1,1010
"1566",9140.50703262842,1,3,1,1010
"1567",4533.11393262842,2,1,1,1010
"1568",878.00511262842,1,1,1,1010
"1569",15919.5637326284,2,1,4,28
"1570",5750.97873262842,1,1,10,1010
"1571",9735.58513262842,2,1,1,107
"1572",3842.13933262842,2,1,1,1010
"1573",5280.55043262842,1,1,1,1010
"1574",2941.23843262842,1,1,1,1010
"1575",1737.06393262842,1,1,9,1010
"1576",4825.42983262842,1,1,1,1010
"1577",3763.87763262842,2,1,1,1010
"1578",4413.00703262842,1,1,1,1010
"1579",1452.49543262842,2,1,1,108
"1580",1897.62053262842,1,1,1,1010
"1581",1737.06393262842,1,1,9,910
"1582",20361.6287326284,1,1,1,99
"1583",3950.73353262842,2,1,1,109
"1584",1005.63943262842,2,1,5,109
"1585",2593.36563262842,1,1,1,1010
"1586",15313.0157326284,2,1,9,25
"1587",16454.7517326284,2,1,4,95
"1588",9943.29023262842,1,1,1,1010
"1589",5669.07483262842,1,2,1,1010
"1590",3011.00773262842,2,1,7,94
"1591",3159.28993262842,1,1,1,108
"1592",10656.8747326284,2,1,9,109
"1593",4680.60173262842,1,1,4,99
"1594",18238.7147326284,1,1,1,910
"1595",755.88469262842,2,3,1,99
"1596",5822.33713262842,1,1,4,1010
"1597",8248.52553262842,1,1,1,28
"1598",4439.76673262842,2,1,1,1010
"1599",5750.97873262842,2,1,1,1010
"1600",1701.38473262842,2,1,1,1010
"1601",5215.79023262842,1,1,9,108
"1602",2361.45063262842,2,1,7,95
"1603",2227.65353262842,1,1,3,108
"1604",1846.12043262842,1,1,1,1010
"1605",3967.01653262842,2,1,11,99
"1606",2450.64883262842,2,1,1,1010
"1607",8730.19553262842,1,1,1,109
"1608",1291.07343262842,2,1,1,910
"1609",2325.77143262842,1,1,4,108
"1610",381.25264262842,1,1,2,1010
"1611",2299.01193262842,1,1,3,910
"1612",2896.63933262842,1,1,1,1010
"1613",5019.55433262842,1,1,1,107
"1614",1576.92883262842,1,1,1,910
"1615",4948.19593262842,1,1,9,97
"1616",10032.4887326284,1,1,12,1010
"1617",1734.92273262842,1,1,1,1010
"1618",2914.47893262842,1,1,9,79
"1619",1558.66763262842,1,3,4,1010
"1620",12306.7697326284,2,3,4,109
"1621",15866.0437326284,1,1,1,108
"1622",5527.98353262842,2,1,1,1010
"1623",1094.83753262842,1,1,1,1010
"1624",6696.47873262842,1,3,8,97
"1625",16543.9497326284,1,1,1,98
"1626",3863.90883262842,1,1,1,1010
"1627",12556.7937326284,1,3,5,108
"1628",4149.87273262842,2,1,1,108
"1629",4145.41273262842,1,3,1,108
"1630",17092.5177326284,1,1,1,1010
"1631",1728.14413262842,2,1,1,109
"1632",1816.60383262842,1,1,1,109
"1633",5138.43763262842,1,1,1,910
"1634",9546.80383262842,1,1,7,109
"1635",25423.6217326284,1,1,11,27
"1636",3075.03553262842,1,3,1,97
"1637",3388.24703262842,1,1,1,94
"1638",4056.21453262842,2,3,1,109
"1639",1380.27153262842,1,1,1,109
"1640",2356.05343262842,2,1,3,1010
"1641",8426.92203262842,2,3,8,109
"1642",11417.5900659618,1,2,8,37
"1643",1870.86113262842,2,1,1,103
"1644",3527.85713262842,1,1,1,109
"1645",12716.2857326284,1,1,7,1010
"1646",28578.5587326284,2,1,1,98
"1647",9818.41223262842,2,1,10,98
"1648",7802.53533262842,1,1,1,1010
"1649",3342.62983262842,2,1,9,1010
"1650",12440.8373992951,2,1,1,1010
"1651",16377.7177326284,2,1,5,58
"1652",2059.19723262842,2,1,1,108
"1653",29834.4687326284,1,1,1,1010
"1654",5143.58363262842,1,1,8,108
"1655",5340.66763262842,2,1,4,97
"1656",6358.90253262842,1,1,1,1010
"1657",7477.69643262842,1,3,5,107
"1658",5171.19113262842,1,1,1,98
"1659",6428.88443262842,1,1,6,108
"1660",4059.78293262842,2,1,1,109
"1661",1737.06393262842,1,1,1,1010
"1662",3699.42233262842,1,1,1,1010
"1663",15897.3547326284,2,1,1,99
"1664",1789.27503262842,1,1,1,109
"1665",24628.4807326284,1,1,1,1010
"1666",3506.12783262842,1,1,1,1010
"1667",15116.7807326284,2,4,9,109
"1668",11959.1667326284,1,3,11,1010
"1669",1408.42193262842,1,1,1,98
"1670",1882.53573262842,1,1,1,1010
"1671",1976.95453262842,1,1,9,108
"1672",4288.13003262842,1,1,1,1010
"1673",934.28093262842,2,1,5,107
"1674",4018.79803262842,2,3,6,1010
"1675",3155.31393262842,1,1,1,99
"1676",16227.6847326284,1,1,12,1010
"1677",1112.67713262842,1,1,1,109
"1678",20487.7773992951,2,1,1,108
"1679",1451.62993262842,1,1,1,98
"1680",7088.95033262842,2,1,1,103
"1681",12333.7987326284,1,1,1,109
"1682",16633.1487326284,1,1,1,1010
"1683",6464.56363262842,1,1,1,1010
"1684",3314.08663262842,1,1,1,108
"1685",6411.04463262842,1,1,1,105
"1686",19264.4927326284,1,1,1,1010
"1687",2816.36103262842,2,1,1,1010
"1688",14294.6077326284,2,3,9,107
"1689",20664.9027326284,1,1,1,510
"1690",6207.67303262842,1,3,1,99
"1691",14849.1857326284,1,4,11,105
"1692",10032.4887326284,1,1,1,910
"1693",10210.8837326284,1,3,5,1010
"1694",12530.0357326284,1,4,11,48
"1695",10639.4757326284,1,1,1,910
"1696",488.29039262842,2,1,1,107
"1697",10032.4887326284,1,3,9,57
"1698",12084.0437326284,1,1,1,1010
"1699",881.79515262842,1,1,1,1010
"1700",1970.74553262842,1,1,1,1010
"1701",4294.00263262842,1,3,1,109
"1702",11994.8467326284,2,1,1,107
"1703",8872.91223262842,1,3,9,78
"1704",18387.3777326284,2,1,1,1010
"1705",613.16771262842,1,1,1,910
"1706",9076.50603262842,1,1,1,910
"1707",11638.6267326284,1,1,1,109
"1708",3967.01653262842,2,1,1,95
"1709",3030.43643262842,2,3,1,99
"1710",18765.5957326284,2,2,1,109
"1711",7695.90983262842,1,1,1,1010
"1712",6196.96943262842,2,1,12,107
"1713",3342.62983262842,2,1,9,1010
"1714",2637.96473262842,1,1,1,1010
"1715",5438.78533262842,1,1,3,910
"1716",6330.76633262842,1,1,5,99
"1717",3991.86813262842,1,1,1,1010
"1718",2200.89393262842,1,1,1,1010
"1719",15116.7807326284,1,1,9,108
"1720",9122.66713262842,1,1,1,107
"1721",29299.2797326284,1,1,11,109
"1722",7792.97183262842,1,1,1,98
"1723",4983.87513262842,2,3,4,99
"1724",4409.27943262842,1,3,1,99
"1725",1647.86573262842,2,1,1,108
"1726",1738.13363262842,2,1,1,1010
"1727",3993.77603262842,1,1,9,99
"1728",3253.43183262842,2,1,1,310
"1729",2095.73113262842,1,1,1,910
"1730",2985.83733262842,2,1,1,109
"1731",22318.3537326284,1,1,1,109
"1732",9463.94253262842,2,1,1,1010
"1733",3546.39763262842,2,1,1,1010
"1734",2539.84683262842,2,1,1,1010
"1735",26293.3027326284,2,3,1,97
"1736",3515.05803262842,2,1,1,108
"1737",3270.26163262842,1,1,1,109
"1738",3371.10713262842,2,1,1,1010
"1739",3681.70033262842,2,1,1,107
"1740",12333.7987326284,2,3,6,99
"1741",4894.67693262842,1,1,1,1010
"1742",2629.04513262842,2,1,1,55
"1743",6342.29073262842,1,1,1,109
"1744",5947.21453262842,1,1,1,1010
"1745",9903.88983262842,1,1,1,99
"1746",2183.05433262842,1,3,5,99
"1747",27604.5157326284,2,1,7,99
"1748",2183.05433262842,1,1,1,58
"1749",3583.10373262842,1,1,1,99
"1750",2093.85633262842,2,1,9,55
"1751",6889.41083262842,1,1,8,95
"1752",6976.72723262842,1,1,1,108
"1753",3069.74283262842,1,1,1,1010
"1754",9764.89373262842,1,1,9,49
"1755",7676.32783262842,2,1,1,1010
"1756",18684.7057326284,1,2,7,108
"1757",3431.82803262842,2,1,1,1010
"1758",8576.77463262842,2,1,10,93
"1759",7240.58713262842,1,1,1,1010
"1760",10359.5477326284,2,4,9,107
"1761",1291.07343262842,1,1,1,98
"1762",1978.59303262842,1,1,1,1010
"1763",4680.60173262842,2,1,1,1010
"1764",18982.0313992951,2,4,11,99
"1765",9764.89373262842,1,1,1,1010
"1766",4622.76193262842,2,1,1,1010
"1767",2176.89783262842,1,1,1,1010
"1768",5626.10123262842,2,3,1,1010
"1769",1121.59693262842,1,1,1,1010
"1770",1112.67713262842,2,1,8,1010
"1771",4652.05823262842,1,1,1,105
"1772",15437.8937326284,1,1,1,910
"1773",23144.6097326284,1,4,7,37
"1774",3973.43643262842,2,1,1,98
"1775",3521.02603262842,1,1,1,910
"1776",1998.01823262842,2,1,7,106
"1777",7954.17203262842,1,1,1,1010
"1778",3734.02043262842,2,3,1,1010
"1779",1915.46013262842,1,1,1,1010
"1780",2130.37033262842,1,1,1,105
"1781",1246.47433262842,1,1,1,107
"1782",934.28093262842,1,1,7,108
"1783",15936.2887326284,1,4,9,105
"1784",2280.92913262842,1,1,1,1010
"1785",3280.19113262842,1,1,1,97
"1786",3521.02603262842,2,1,1,105
"1787",5969.51433262842,2,3,11,97
"1788",8034.45033262842,2,3,1,98
"1789",3458.56393262842,1,1,1,1010
"1790",9764.89373262842,2,1,9,97
"1791",3164.23353262842,1,1,1,109
"1792",3431.82803262842,1,1,1,910
"1793",7507.28973262842,2,1,1,75
"1794",5065.15593262842,2,1,1,1010
"1795",6006.34143262842,1,3,11,94
"1796",6565.61543262842,2,1,1,1010
"1797",7267.34683262842,2,1,6,28
"1798",1334.18583262842,1,1,1,1010
"1799",7329.78533262842,2,1,1,1010
"1800",12333.7987326284,1,3,1,109
"1801",907.52147262842,2,1,1,1010
"1802",5937.71353262842,1,3,1,99
"1803",6226.40493262842,1,3,1,99
"1804",1918.03873262842,2,1,1,78
"1805",360.42415262842,1,1,1,1010
"1806",5126.59193262842,1,1,8,108
"1807",5438.78533262842,2,1,5,1010
"1808",13778.8087326284,1,4,11,57
"1809",8937.58613262842,1,1,9,1010
"1810",17469.8267326284,1,1,7,95
"1811",10746.0727326284,2,1,10,108
"1812",3381.91373262842,1,1,1,108
"1813",8988.87033262842,2,1,1,1010
"1814",4162.57733262842,1,1,1,109
"1815",10656.8747326284,1,1,9,109
"1816",3859.47573262842,1,1,2,97
"1817",1736.14813262842,2,1,2,108
"1818",16962.1147326284,2,4,11,49
"1819",4622.76193262842,1,1,1,1010
"1820",5643.94113262842,2,3,1,79
"1821",3217.27943262842,1,1,1,1010
"1822",2380.05463262842,1,1,8,99
"1823",12084.0443992951,1,4,11,103
"1824",4181.09193262842,1,1,8,99
"1825",27515.3167326284,1,1,8,1010
"1826",15532.4437326284,1,1,1,1010
"1827",1255.39413262842,1,1,9,109
"1828",2257.75063262842,1,1,1,1010
"1829",5012.41863262842,1,3,1,99
"1830",2718.24313262842,1,1,1,108
"1831",10846.8667326284,2,1,5,59
"1832",4912.51673262842,1,1,3,1010
"1833",5661.78093262842,2,1,9,1010
"1834",3699.42233262842,2,1,1,99
"1835",4669.54993262842,1,1,1,1010
"1836",10379.4387326284,1,1,1,99
"1837",6999.75213262842,1,1,1,1010
"1838",4506.50363262842,2,1,1,105
"1839",5885.43623262842,1,1,1,1010
"1840",2780.68183262842,2,1,1,1010
"1841",1257.62403262842,2,1,10,1010
"1842",2691.56003262842,1,1,6,910
"1843",3845.03703262842,1,1,1,96
"1844",3342.62983262842,2,1,1,58
"1845",4377.32783262842,2,3,9,109
"1846",10986.1867326284,1,1,1,109
"1847",10210.8837326284,1,1,4,27
"1848",20546.7893992951,2,4,11,27
"1849",4841.15793262842,1,3,6,99
"1850",1380.27153262842,2,1,1,109
"1851",6865.95523262842,1,1,1,108
"1852",8395.09003262842,2,1,1,99
"1853",12486.3287326284,2,1,1,1010
"1854",4065.13443262842,1,1,1,105
"1855",3289.48353262842,2,1,1,1010
"1856",2629.04513262842,1,1,1,97
"1857",7080.03043262842,1,3,3,92
"1858",3133.94303262842,1,1,1,1010
"1859",2010.30903262842,1,1,1,1010
"1860",3522.19113262842,1,1,1,108
"1861",2473.17913262842,2,1,8,98
"1862",3734.33413262842,1,1,1,1010
"1863",4395.24923262842,1,1,1,109
"1864",3797.54023262842,2,1,1,610
"1865",4413.00703262842,1,3,11,108
"1866",3790.41843262842,1,1,1,1010
"1867",1362.43183262842,1,1,1,1010
"1868",4801.18133262842,1,1,1,109
"1869",7088.95033262842,1,3,9,25
"1870",8159.32733262842,1,1,10,108
"1871",4644.92203262842,1,1,8,99
"1872",10335.7617326284,2,1,1,1010
"1873",1951.13933262842,1,1,1,98
"1874",6411.04463262842,1,1,1,108
"1875",7320.72723262842,2,1,1,1010
"1876",6337.55383262842,1,1,1,1010
"1877",2985.83733262842,1,1,1,98
"1878",1737.06393262842,1,1,1,109
"1879",1424.87053262842,1,1,1,910
"1880",4278.48943262842,1,1,1,1010
"1881",2608.60683262842,1,1,8,108
"1882",2155.61563262842,2,1,1,108
"1883",2054.09223262842,1,1,1,99
"1884",7856.05433262842,2,1,1,1010
"1885",3961.16863262842,1,1,8,1010
"1886",9996.80873262842,2,3,8,28
"1887",1383.14433262842,1,1,1,108
"1888",12565.7137326284,1,1,1,1010
"1889",2517.31533262842,1,1,9,1010
"1890",2280.92913262842,2,1,1,109
"1891",3414.76703262842,2,1,1,1010
"1892",5304.98843262842,2,1,1,1010
"1893",10407.1207326284,1,1,12,99
"1894",3967.01653262842,2,1,1,1010
"1895",11801.2057326284,2,1,1,1010
"1896",2414.96963262842,1,1,1,1010
"1897",4011.61563262842,1,1,1,1010
"1898",577.48851262842,1,1,1,95
"1899",13850.1667326284,1,1,1,1010
"1900",8988.87033262842,1,1,1,1010
"1901",1737.06393262842,1,1,1,1010
"1902",4840.87123262842,1,3,6,109
"1903",2405.02553262842,1,1,9,99
"1904",3107.29873262842,1,1,9,102
"1905",5394.18623262842,2,1,1,95
"1906",5342.48013262842,1,1,1,99
"1907",2361.45063262842,2,1,1,97
"1908",9764.89373262842,2,1,11,210
"1909",4230.14323262842,2,1,1,1010
"1910",8228.83513262842,2,1,1,105
"1911",7008.67203262842,2,3,6,99
"1912",300.97435262842,1,1,1,105
"1913",952.12053262842,1,1,1,1010
"1914",6457.27803262842,1,1,1,109
"1915",8775.09493262842,2,3,9,96
"1916",2967.99773262842,2,1,9,98
"1917",7579.54023262842,1,1,1,99
"1918",5483.38443262842,2,1,1,99
"1919",4609.24283262842,1,1,1,1010
"1920",220.69606262842,2,1,7,910
"1921",5689.23013262842,1,1,1,109
"1922",3059.98113262842,2,1,1,98
"1923",4769.79953262842,1,1,1,1010
"1924",2495.24773262842,1,1,11,1010
"1925",3075.03553262842,1,1,1,1010
"1926",14831.3457326284,1,1,3,1010
"1927",755.88469262842,2,1,6,77
"1928",6375.36543262842,2,1,1,1010
"1929",2544.40663262842,1,1,1,1010
"1930",2673.64393262842,2,1,1,1010
"1931",1826.26203262842,1,1,1,99
"1932",4305.96943262842,1,1,9,910
"1933",8872.91223262842,1,1,1,25
"1934",2885.93543262842,1,1,1,109
"1935",3699.42233262842,2,1,1,910
"1936",1558.66763262842,2,1,1,1010
"1937",20248.2087326284,2,3,1,910
"1938",12619.2337326284,1,1,11,109
"1939",14034.6407326284,2,3,1,910
"1940",13689.6107326284,2,1,1,109
"1941",21906.8397326284,2,1,1,99
"1942",3752.94113262842,2,1,1,1010
"1943",3971.45813262842,1,1,1,1010
"1944",2584.44593262842,2,1,1,1010
"1945",5929.37513262842,1,1,7,99
"1946",23529.6737326284,2,4,9,109
"1947",14145.2687326284,2,1,1,1010
"1948",5750.97873262842,1,1,9,109
"1949",2421.63493262842,1,1,4,1010
"1950",4329.52213262842,1,3,1,99
"1951",11548.8557326284,2,3,9,99
"1952",3458.58733262842,2,1,1,98
"1953",3916.58833262842,2,1,1,1010
"1954",4945.52603262842,1,1,1,1010
"1955",2941.23843262842,1,1,1,1010
"1956",1373.06203262842,1,1,4,98
"1957",11127.4557326284,1,1,4,109
"1958",2254.41303262842,1,1,1,1010
"1959",3476.42693262842,1,3,7,109
"1960",11502.4727326284,2,3,1,99
"1961",3073.82413262842,1,1,1,1010
"1962",1567.58743262842,1,1,10,1010
"1963",3877.81853262842,1,1,1,1010
"1964",7088.95033262842,2,1,6,1010
"1965",2236.57343262842,1,1,1,1010
"1966",4187.51043262842,1,1,7,58
"1967",5661.78093262842,1,1,1,1010
"1968",10103.8467326284,2,1,1,99
"1969",3574.54483262842,1,1,1,99
"1970",9764.89373262842,1,1,1,108
"1971",3699.42233262842,1,1,8,98
"1972",6008.19453262842,2,1,9,102
"1973",24928.5727326284,1,1,9,210
"1974",3342.62983262842,1,3,9,910
"1975",6107.77113262842,2,1,11,98
"1976",1291.07343262842,2,1,1,1010
"1977",3565.64863262842,1,3,3,95
"1978",488.29039262842,1,1,5,1010
"1979",2629.04513262842,2,1,10,99
"1980",6535.92203262842,1,1,1,109
"1981",4413.00703262842,1,1,12,1010
"1982",2539.84683262842,1,1,9,109
"1983",1380.27153262842,2,1,6,910
"1984",8623.15833262842,2,1,1,108
"1985",8783.71403262842,2,1,1,1010
"1986",1826.26203262842,1,1,4,98
"1987",2254.41303262842,2,1,1,98
"1988",2379.29023262842,1,3,11,910
"1989",5822.33713262842,1,3,1,106
"1990",16008.7607326284,1,1,9,53
"1991",3253.43183262842,1,1,10,1010
"1992",15646.9117326284,1,1,1,1010
"1993",4858.99773262842,1,1,1,109
"1994",19477.6757326284,1,1,5,99
"1995",3228.31173262842,1,1,1,1010
"1996",5304.98843262842,2,1,8,99
"1997",2771.55803262842,1,1,1,1010
"1998",2361.45063262842,2,1,1,1010
"1999",3226.67233262842,1,1,9,28
"2000",6398.65593262842,1,3,1,99
"2001",5750.97873262842,2,1,9,105
"2002",3961.16863262842,1,1,1,108
"2003",10359.5477326284,2,1,1,109
"2004",9229.70523262842,2,1,11,107
"2005",4980.20813262842,1,1,11,109
"2006",7088.95033262842,2,1,1,910
"2007",9346.55483262842,1,1,8,93
"2008",5438.78533262842,1,1,1,99
"2009",5238.08953262842,1,1,1,98
"2010",1915.46013262842,1,1,1,1010
"2011",8890.75213262842,1,1,1,1010
"2012",265.29512262842,2,1,7,1010
"2013",2985.83733262842,1,3,8,58
"2014",1112.67713262842,1,1,7,108
"2015",6107.77113262842,2,1,1,1010
"2016",5340.66763262842,1,1,1,25
"2017",3521.02603262842,1,1,1,1010
"2018",6910.55433262842,2,1,1,1010
"2019",2539.84683262842,1,1,4,102
"2020",12619.2337326284,1,1,1,108
"2021",19765.5877326284,1,1,1,109
"2022",4238.97523262842,2,1,9,107
"2023",1389.19133262842,1,1,1,109
"2024",8719.90253262842,2,1,1,109
"2025",5773.27853262842,1,1,1,97
"2026",3075.03553262842,2,1,1,97
"2027",5877.82923262842,2,3,11,210
"2028",2717.35123262842,1,1,1,108
"2029",7417.15393262842,1,1,1,1010
"2030",3628.06393262842,1,1,1,25
"2031",10549.8367326284,1,2,1,99
"2032",6107.77113262842,1,1,9,37
"2033",18506.3087326284,2,3,9,107
"2034",18684.7057326284,1,1,2,1010
"2035",12191.0817326284,2,1,1,1010
"2036",14819.4533992951,2,4,11,108
"2037",2816.89743262842,1,1,1,1010
"2038",5141.63203262842,1,1,1,1010
"2039",8935.35173262842,1,1,1,108
"2040",1719.22433262842,1,1,1,105
"2041",3565.62513262842,2,1,3,1010
"2042",2608.16843262842,2,1,1,1010
"2043",6181.49773262842,1,1,1,1010
"2044",4858.99773262842,1,1,1,109
"2045",9104.82733262842,2,3,7,99
"2046",17103.1957326284,1,1,1,99
"2047",4370.65493262842,1,1,1,910
"2048",2158.68743262842,2,1,7,1010
"2049",15116.7800659618,2,1,11,98
"2050",3828.75943262842,2,1,3,210
"2051",631.00737262842,1,1,1,98
"2052",2020.67743262842,1,3,1,108
"2053",2586.22993262842,2,1,1,109
"2054",9854.09193262842,1,1,1,77
"2055",14224.7987326284,1,1,1,59
"2056",6125.61103262842,1,1,1,1010
"2057",7873.89373262842,1,1,1,1010
"2058",5215.79023262842,1,1,1,1010
"2059",13927.4713992951,1,4,9,107
"2060",4769.79953262842,1,1,5,95
"2061",2138.37733262842,1,1,1,109
"2062",3271.27143262842,2,1,1,1010
"2063",1205.10683262842,1,1,1,1010
"2064",27274.2517326284,2,1,1,1010
"2065",6378.88593262842,1,1,1,1010
"2066",2242.95233262842,2,1,1,910
"2067",1148.35633262842,1,1,1,1010
"2068",8596.39863262842,1,3,1,1010
"2069",7282.54073262842,1,1,1,910
"2070",9140.50703262842,2,4,11,109
"2071",13332.8187326284,1,1,1,97
"2072",8462.60173262842,1,4,1,1010
"2073",2807.44133262842,2,1,5,109
"2074",16900.7427326284,2,1,9,98
"2075",6802.77313262842,1,1,5,109
"2076",19576.6857326284,1,1,1,109
"2077",20664.9027326284,2,1,1,1010
"2078",19576.6850659618,2,4,11,1010
"2079",6972.99283262842,1,3,9,105
"2080",3227.91223262842,2,1,11,38
"2081",6380.44353262842,1,1,1,109
"2082",5561.87863262842,1,1,1,108
"2083",2036.68083262842,1,1,12,910
"2084",7624.13933262842,1,1,1,910
"2085",1502.28823262842,1,1,1,1010
"2086",9836.25213262842,2,1,9,25
"2087",17346.7327326284,1,2,9,13
"2088",9127.12713262842,2,3,3,97
"2089",3914.38983262842,2,1,1,109
"2090",3306.95063262842,1,1,9,1010
"2091",4612.61933262842,1,1,1,97
"2092",2183.05433262842,2,1,10,1010
"2093",2325.77143262842,2,3,8,39
"2094",3133.94303262842,1,1,1,1010
"2095",1451.62993262842,1,1,1,1010
"2096",3003.67713262842,2,1,1,107
"2097",2227.93083262842,1,1,1,1010
"2098",5304.98843262842,1,1,1,109
"2099",3527.80433262842,1,3,1,109
"2100",4583.97043262842,1,1,1,910
"2101",8971.44153262842,2,1,9,1010
"2102",5090.91273262842,1,1,1,1010
"2103",2941.23843262842,2,1,11,1010
"2104",3859.97893262842,2,3,8,1010
"2105",5304.98843262842,2,1,1,95
"2106",19844.2797326284,2,3,5,108
"2107",10014.6487326284,2,3,1,97
"2108",5126.59193262842,1,1,1,1010
"2109",2657.88273262842,1,1,1,108
"2110",9675.69553262842,1,1,1,108
"2111",11245.5817326284,2,4,6,109
"2112",12292.1733992951,1,4,11,107
"2113",9854.04603262842,2,3,4,108
"2114",1908.08083262842,2,1,1,1010
"2115",2860.96013262842,1,1,4,58
"2116",2432.80923262842,2,1,1,1010
"2117",4336.55483262842,1,1,1,1010
"2118",5304.98843262842,1,1,6,99
"2119",26293.3027326284,1,3,11,1010
"2120",2852.04023262842,2,1,7,102
"2121",17240.5877326284,1,1,6,1010
"2122",1756.09143262842,1,1,1,1010
"2123",13332.8187326284,1,1,1,510
"2124",4448.68623262842,1,1,1,1010
"2125",13744.0217326284,2,1,1,1010
"2126",6018.57293262842,1,1,1,109
"2127",1799.50263262842,1,1,1,1010
"2128",2401.14963262842,2,1,1,98
"2129",19321.3457326284,2,1,9,98
"2130",4894.67693262842,1,1,1,105
"2131",13868.0067326284,2,3,11,38
"2132",6642.96013262842,2,1,1,109
"2133",2664.72433262842,1,1,1,1010
"2134",2388.21013262842,1,1,5,1010
"2135",3235.59223262842,1,1,1,1010
"2136",2718.24313262842,1,1,1,1010
"2137",1041.31863262842,1,1,1,1010
"2138",2629.04513262842,2,1,1,105
"2139",16675.0727326284,2,1,1,102
"2140",3075.03553262842,2,1,6,1010
"2141",6375.36543262842,2,1,12,107
"2142",4104.47043262842,2,1,11,1010
"2143",15027.5817326284,2,1,1,1010
"2144",2290.09223262842,1,1,1,1010
"2145",4283.63833262842,1,1,1,109
"2146",4216.77113262842,1,1,1,98
"2147",978.87993262842,1,1,1,1010
"2148",8872.91223262842,2,1,3,109
"2149",3217.75263262842,2,1,4,1010
"2150",2611.20553262842,1,1,1,910
"2151",7303.02603262842,1,1,1,1010
"2152",10638.0487326284,2,3,8,109
"2153",4662.76193262842,1,1,1,1010
"2154",7861.17793262842,1,1,1,1010
"2155",8301.19353262842,1,1,1,99
"2156",16900.7427326284,2,2,4,97
"2157",7465.31953262842,1,1,1,1010
"2158",5110.06853262842,1,1,7,103
"2159",3726.18183262842,1,1,1,1010
"2160",28686.0297326284,2,1,9,97
"2161",9782.73353262842,1,1,1,107
"2162",4234.61103262842,2,1,1,1010
"2163",3252.87393262842,1,1,11,105
"2164",2896.63933262842,2,1,1,107
"2165",5304.98843262842,1,1,8,108
"2166",2330.48943262842,1,1,1,1010
"2167",2967.99773262842,1,1,1,97
"2168",18684.7057326284,1,1,9,98
"2169",2382.29073262842,2,1,1,108
"2170",1808.42243262842,1,1,5,1010
"2171",7231.66763262842,1,3,1,109
"2172",29388.4767326284,2,4,9,13
"2173",6986.87763262842,2,1,1,1010
"2174",20575.7047326284,1,1,1,1010
"2175",11102.8647326284,2,1,1,108
"2176",3967.01653262842,2,1,5,97
"2177",11548.8557326284,1,1,5,97
"2178",3717.26193262842,1,1,5,910
"2179",4475.44593262842,2,1,1,1010
"2180",19933.4780659618,2,1,9,23
"2181",1915.46013262842,1,1,1,1010
"2182",2450.64883262842,2,1,1,105
"2183",3381.91373262842,1,1,6,108
"2184",666.68663262842,2,1,1,1010
"2185",764.80455262842,1,1,1,109
"2186",1870.86113262842,2,1,1,1010
"2187",3521.02603262842,1,1,1,105
"2188",7088.95033262842,2,1,4,108
"2189",2852.04023262842,1,1,1,1010
"2190",16766.9457326284,1,1,7,108
"2191",2642.88643262842,1,1,9,98
"2192",18968.1657326284,2,1,1,99
"2193",1291.07343262842,1,1,10,109
"2194",10014.6487326284,1,3,1,105
"2195",29633.7407326284,2,4,12,28
"2196",3694.96233262842,1,1,9,108
"2197",25820.5527326284,2,1,10,99
"2198",4109.73353262842,1,1,1,1010
"2199",10210.8837326284,2,3,1,98
"2200",2272.25263262842,2,1,1,99
"2201",1634.87043262842,2,1,1,109
"2202",2457.89473262842,2,1,1,109
"2203",14697.5487326284,2,1,12,1010
"2204",2183.05433262842,2,3,4,97
"2205",3949.17693262842,2,1,4,99
"2206",2486.32803262842,1,3,1,1010
"2207",9318.90353262842,2,1,1,1010
"2208",5617.18183262842,1,3,12,97
"2209",4074.05433262842,1,1,10,28
"2210",10656.8747326284,1,1,12,27
"2211",4457.60613262842,1,1,1,99
"2212",6483.29513262842,1,1,1,109
"2213",2816.36103262842,1,1,1,910
"2214",3833.21943262842,1,1,1,99
"2215",1894.06043262842,1,1,1,109
"2216",3003.67713262842,1,1,1,57
"2217",1469.46953262842,1,1,1,99
"2218",6214.88983262842,1,1,1,1010
"2219",13065.6967326284,1,1,1,95
"2220",3601.30433262842,1,3,1,99
"2221",1627.69613262842,2,1,1,106
"2222",1467.68563262842,1,1,1,1010
"2223",7534.94113262842,2,1,12,107
"2224",3904.57803262842,2,3,1,97
"2225",7517.10123262842,1,1,1,98
"2226",10558.2097326284,2,1,1,104
"2227",666.68663262842,2,1,9,99
"2228",5019.55433262842,1,3,1,109
"2229",1469.46953262842,2,1,1,109
"2230",566.90416262842,1,1,1,108
"2231",11682.6537326284,1,1,1,99
"2232",4823.31853262842,2,1,1,92
"2233",7011.17883262842,1,1,3,98
"2234",5750.97873262842,1,1,1,1010
"2235",8159.32733262842,2,1,10,1010
"2236",4887.20183262842,1,1,9,58
"2237",16677.7467326284,1,1,1,1010
"2238",4948.19593262842,2,1,9,107
"2239",4002.69593262842,1,1,11,99
"2240",4751.96013262842,1,3,1,1010
"2241",4778.71943262842,1,1,1,99
"2242",2334.69133262842,1,1,9,97
"2243",14224.7987326284,1,1,10,910
"2244",4948.19593262842,1,2,1,105
"2245",1415.95073262842,1,1,1,1010
"2246",11700.4927326284,1,3,1,95
"2247",5937.71353262842,1,3,1,99
"2248",5786.65793262842,1,1,1,108
"2249",14145.2687326284,1,1,9,1010
"2250",1023.47903262842,1,1,3,93
"2251",6250.48843262842,1,3,9,57
"2252",11063.4697326284,1,1,1,99
"2253",2276.96473262842,1,1,1,105
"2254",4983.87513262842,1,3,1,109
"2255",3595.91543262842,1,1,1,1010
"2256",1094.83753262842,1,1,1,1010
"2257",5304.98843262842,2,1,1,108
"2258",593.29021262842,1,1,8,99
"2259",18122.7557326284,1,1,1,1010
"2260",5215.79023262842,1,1,9,109
"2261",2557.40613262842,2,1,11,97
"2262",3967.01653262842,1,1,1,910
"2263",12666.7277326284,1,1,9,107
"2264",4876.83753262842,2,1,4,98
"2265",20914.6567326284,1,2,6,105
"2266",4644.92203262842,1,1,1,1010
"2267",2227.65353262842,1,1,3,108
"2268",5356.68323262842,2,1,4,99
"2269",2896.63933262842,2,3,5,97
"2270",2967.99773262842,1,1,1,1010
"2271",4413.00703262842,2,1,1,59
"2272",3978.37933262842,1,1,1,108
"2273",19942.3987326284,2,1,9,104
"2274",1201.87533262842,1,1,7,99
"2275",1826.26203262842,2,1,12,55
"2276",5840.17693262842,1,1,1,910
"2277",5483.38443262842,1,1,1,99
"2278",4563.98113262842,1,1,3,1010
"2279",3833.21943262842,1,3,1,37
"2280",13072.4047326284,1,1,9,910
"2281",1864.34363262842,1,1,1,1010
"2282",17489.4497326284,1,1,1,1010
"2283",4216.77113262842,2,1,1,109
"2284",3235.59223262842,1,1,1,109
"2285",2309.04683262842,2,1,8,310
"2286",6298.43763262842,1,1,1,1010
"2287",5005.19553262842,1,3,5,97
"2288",5483.38443262842,2,1,10,98
"2289",7133.54953262842,1,1,2,109
"2290",4737.13103262842,1,1,9,1010
"2291",12976.0257326284,1,3,1,1010
"2292",5141.63203262842,1,1,1,1010
"2293",1627.69613262842,2,1,1,1010
"2294",5304.98843262842,1,1,4,105
"2295",6018.57293262842,1,3,1,1010
"2296",1933.29973262842,1,1,1,1010
"2297",23293.2737326284,1,3,7,95
"2298",7124.62953262842,2,1,1,107
"2299",26712.5357326284,1,3,1,109
"2300",8332.49043262842,1,1,1,1010
"2301",10210.8837326284,1,1,1,1010
"2302",5723.63643262842,1,1,5,59
"2303",1781.66303262842,2,1,1,109
"2304",13497.8593992951,2,1,9,108
"2305",2943.83363262842,2,3,1,99
"2306",3164.23353262842,2,3,1,59
"2307",3833.21943262842,1,1,1,1010
"2308",6910.55433262842,1,1,8,1010
"2309",19130.6957326284,2,3,11,47
"2310",28797.4197326284,2,1,1,1010
"2311",6375.36543262842,1,1,9,109
"2312",7035.43183262842,1,1,1,105
"2313",8410.15353262842,1,1,10,108
"2314",21360.6473992951,2,4,9,43
"2315",1676.24443262842,1,1,1,109
"2316",5457.56613262842,1,1,12,102
"2317",2629.04513262842,2,1,1,98
"2318",1433.79033262842,1,1,1,1010
"2319",7088.95033262842,1,1,5,1010
"2320",3128.55433262842,2,3,9,1010
"2321",5652.02993262842,2,1,1,99
"2322",24482.5817326284,1,1,8,99
"2323",2539.84683262842,1,1,1,99
"2324",6714.31853262842,2,1,1,98
"2325",20874.3413992951,2,4,12,23
"2326",12703.9717326284,1,1,1,98
"2327",1578.60163262842,2,1,8,710
"2328",11192.0640659618,1,1,6,25
"2329",532.88945262842,1,1,1,109
"2330",4059.78293262842,1,1,6,108
"2331",3396.14883262842,1,1,1,107
"2332",542.87285262842,1,1,1,107
"2333",5456.62513262842,1,1,4,99
"2334",6509.16273262842,1,1,1,910
"2335",5304.98843262842,1,1,6,105
"2336",1148.35633262842,1,1,1,1010
"2337",7802.53533262842,2,1,5,79
"2338",4858.99773262842,2,1,1,1010
"2339",8123.64863262842,1,1,6,108
"2340",5893.69593262842,1,3,11,109
"2341",4502.20523262842,2,1,1,97
"2342",2183.05433262842,1,1,1,109
"2343",1915.46013262842,1,1,1,1010
"2344",6714.31853262842,1,1,5,98
"2345",14813.5067326284,1,1,3,85
"2346",607.29204262842,1,1,1,103
"2347",6681.24093262842,2,1,8,98
"2348",15711.4337326284,1,3,10,87
"2349",3521.02603262842,1,1,1,1010
"2350",20022.6757326284,1,3,9,105
"2351",3271.27143262842,2,1,1,1010
"2352",5881.56753262842,1,1,1,1010
"2353",3752.94113262842,1,1,1,109
"2354",1725.45463262842,2,1,1,1010
"2355",14313.9977326284,2,2,8,1010
"2356",1305.25493262842,2,1,9,97
"2357",1277.82403262842,1,1,6,910
"2358",4548.93963262842,1,1,1,109
"2359",11331.8077326284,1,1,1,108
"2360",5019.55433262842,1,2,1,107
"2361",11145.0897326284,1,1,4,99
"2362",2055.31023262842,2,3,1,99
"2363",1558.66763262842,1,1,1,1010
"2364",9764.89373262842,2,1,7,108
"2365",1335.67243262842,1,1,1,1010
"2366",1962.28793262842,1,1,1,1010
"2367",6375.36543262842,2,1,12,1010
"2368",2330.48943262842,2,1,1,1010
"2369",10638.0487326284,1,3,1,1010
"2370",3792.49503262842,2,3,1,97
"2371",1902.19753262842,1,1,1,1010
"2372",11994.8467326284,1,1,1,1010
"2373",1978.59303262842,2,1,1,1010
"2374",1594.34693262842,1,1,9,1010
"2375",2629.04513262842,1,1,4,107
"2376",1148.35633262842,2,1,1,1010
"2377",7088.95033262842,2,1,8,1010
"2378",10567.6767326284,2,1,1,1010
"2379",2458.08193262842,2,1,1,1010
"2380",13778.8087326284,2,1,1,1010
"2381",2912.25063262842,2,1,1,1010
"2382",2934.17233262842,1,3,1,910
"2383",9002.98553262842,2,1,1,1010
"2384",431.51952262842,2,1,1,99
"2385",9925.41033262842,2,1,1,99
"2386",1968.97903262842,1,1,4,99
"2387",1112.67713262842,2,1,1,1010
"2388",2742.16443262842,2,1,7,99
"2389",6319.69013262842,1,1,1,1010
"2390",1870.86113262842,1,1,1,910
"2391",1469.10303262842,2,3,1,99
"2392",5073.07343262842,1,1,1,1010
"2393",6642.96013262842,2,1,1,1010
"2394",19814.5470659618,2,1,1,1010
"2395",8203.92693262842,1,1,1,59
"2396",3521.02603262842,2,1,9,910
"2397",1870.86113262842,1,1,1,107
"2398",4154.33273262842,1,1,1,1010
"2399",19576.6857326284,1,1,11,54
"2400",7200.44793262842,2,1,1,910
"2401",755.88469262842,2,1,12,99
"2402",5233.62953262842,1,1,1,99
"2403",28823.7087326284,1,1,4,99
"2404",3075.03553262842,2,1,1,910
"2405",309.89418262842,2,1,1,105
"2406",7088.95033262842,1,1,1,108
"2407",28578.5587326284,1,1,1,105
"2408",3744.02143262842,1,1,1,109
"2409",3957.55973262842,1,1,1,1010
"2410",22698.6200659617,1,3,4,97
"2411",1735.69443262842,2,1,1,108
"2412",5706.37953262842,2,3,4,29
"2413",4279.21013262842,1,1,1,1010
"2414",7410.06363262842,2,3,1,109
"2415",14331.8367326284,2,1,1,1010
"2416",1184.03573262842,1,1,1,99
"2417",1460.54973262842,1,3,4,99
"2418",6910.55433262842,2,1,10,99
"2419",2430.13323262842,1,1,4,108
"2420",1362.43183262842,1,1,1,1010
"2421",2617.25063262842,2,1,1,107
"2422",5483.38443262842,2,1,8,106
"2423",3135.24433262842,2,1,9,98
"2424",2142.30293262842,1,1,1,108
"2425",2161.55383262842,1,1,1,98
"2426",3324.79023262842,1,1,8,98
"2427",13154.4217326284,2,1,11,99
"2428",1076.99783262842,1,1,1,1010
"2429",3949.17693262842,1,1,1,1010
"2430",1487.30923262842,1,1,1,910
"2431",10998.8010659618,1,1,1,910
"2432",2629.04513262842,2,1,1,1010
"2433",6099.90203262842,1,1,1,96
"2434",17449.2540659618,2,1,9,99
"2435",5316.97233262842,1,1,5,1010
"2436",2669.24283262842,1,1,1,910
"2437",2382.35413262842,2,1,8,1010
"2438",1627.74163262842,2,1,6,109
"2439",8337.72383262842,1,1,1,99
"2440",2852.04023262842,1,1,12,103
"2441",3895.65813262842,1,1,1,99
"2442",1808.42243262842,1,1,1,99
"2443",11236.6627326284,1,1,1,910
"2444",6536.67253262842,1,3,1,99
"2445",2771.76193262842,1,1,1,1010
"2446",9980.60773262842,1,1,11,35
"2447",1491.89133262842,2,1,1,1010
"2448",13778.8087326284,1,2,11,38
"2449",2183.05433262842,1,1,1,1010
"2450",3450.49113262842,1,1,1,107
"2451",11697.5197326284,2,1,1,108
"2452",9000.40443262842,1,1,1,99
"2453",2780.76533262842,1,1,1,1010
"2454",5799.76093262842,2,1,6,108
"2455",9029.44553262842,1,1,1,1010
"2456",13100.9027326284,1,1,1,1010
"2457",3360.46943262842,1,1,1,1010
"2458",8111.30193262842,1,1,7,108
"2459",2950.15813262842,1,1,1,1010
"2460",10210.8843992951,1,1,5,99
"2461",1478.38943262842,1,1,1,1010
"2462",2209.81393262842,1,1,1,107
"2463",1879.78093262842,1,1,1,108
"2464",14644.0307326284,2,3,8,97
"2465",7178.14863262842,2,1,7,105
"2466",2513.08753262842,1,1,9,1010
"2467",2707.46673262842,1,1,11,95
"2468",2361.45063262842,2,1,1,108
"2469",3726.21913262842,1,1,1,109
"2470",5453.27993262842,1,1,1,1010
"2471",8426.92203262842,2,1,1,99
"2472",3092.87513262842,2,1,1,1010
"2473",3939.28803262842,1,1,1,1010
"2474",5358.50703262842,2,1,1,1010
"2475",16454.7517326284,2,1,3,99
"2476",20727.8537326284,2,3,8,108
"2477",2762.84223262842,1,1,6,107
"2478",547.11510262842,2,1,1,1010
"2479",3431.82803262842,1,1,1,1010
"2480",452.61113262842,2,1,1,1010
"2481",3877.81853262842,2,1,5,98
"2482",2967.99773262842,1,1,3,98
"2483",3482.23943262842,2,1,1,99
"2484",5626.10123262842,1,1,1,107
"2485",4413.00703262842,1,3,1,99
"2486",18518.7307326284,2,1,9,1010
"2487",887.65257262842,2,1,1,1010
"2488",2414.96963262842,1,1,1,1010
"2489",10656.8743992951,2,1,1,109
"2490",4805.47873262842,1,1,1,98
"2491",4823.31853262842,1,3,9,1010
"2492",7713.33713262842,1,1,1,1010
"2493",4523.95233262842,2,1,1,102
"2494",16142.0747326284,1,1,1,108
"2495",11281.2617326284,2,1,6,105
"2496",5316.97233262842,2,1,11,910
"2497",1540.82803262842,1,1,1,1010
"2498",8180.96693262842,2,1,1,97
"2499",5304.98843262842,1,1,1,910
"2500",5583.59833262842,1,1,1,107
"2501",9872.79603262842,1,3,11,99
"2502",8516.12033262842,1,1,9,22
"2503",8132.56853262842,2,3,7,99
"2504",3699.42233262842,2,3,1,29
"2505",3342.62983262842,1,1,1,1010
"2506",2450.64883262842,1,1,1,109
"2507",4486.31413262842,1,1,1,1010
"2508",2093.85633262842,1,1,1,1010
"2509",11114.7580659618,1,1,6,42
"2510",2105.51553262842,1,1,1,1010
"2511",5723.63643262842,1,1,4,59
"2512",3117.12153262842,1,1,1,108
"2513",5768.81853262842,1,1,1,98
"2514",6476.99483262842,2,1,1,108
"2515",2369.29043262842,1,1,1,108
"2516",3197.22673262842,1,1,1,1010
"2517",800.48375262842,1,1,1,1010
"2518",2771.76193262842,1,1,1,1010
"2519",14670.7897326284,1,3,1,1010
"2520",2450.64883262842,1,1,1,1010
"2521",2629.04513262842,1,1,12,98
"2522",17002.7147326284,1,1,1,102
"2523",7757.93623262842,2,1,1,1010
"2524",14388.3727326284,1,1,5,1010
"2525",1915.46013262842,1,1,1,1010
"2526",6821.35613262842,1,1,1,109
"2527",5438.78533262842,2,1,8,95
"2528",1627.74163262842,1,1,1,1010
"2529",8869.21403262842,1,1,1,1010
"2530",15449.4007326284,1,3,8,99
"2531",1968.97903262842,1,1,1,1010
"2532",2093.85633262842,1,1,3,99
"2533",2361.45063262842,1,1,9,108
"2534",3306.95063262842,1,1,3,99
"2535",2629.04513262842,1,1,1,1010
"2536",2996.46993262842,1,1,1,109
"2537",12708.4307326284,1,3,11,95
"2538",13978.0170659618,1,3,11,89
"2539",2076.01673262842,1,3,11,1010
"2540",27033.6467326284,1,1,5,105
"2541",5840.17693262842,1,1,1,1010
"2542",6214.88983262842,1,1,6,1010
"2543",3227.91223262842,2,1,12,37
"2544",9729.21403262842,2,3,8,107
"2545",916.44133262842,1,1,1,1010
"2546",3545.49943262842,1,1,1,1010
"2547",18810.4747326284,1,1,1,910
"2548",29388.4767326284,2,1,8,1010
"2549",7338.70523262842,1,1,1,109
"2550",9445.11543262842,2,1,1,1010
"2551",723.44847262842,1,1,1,1010
"2552",3744.02143262842,1,1,6,95
"2553",733.58519262842,2,1,1,1010
"2554",11548.8557326284,1,3,8,97
"2555",10317.9217326284,2,1,1,99
"2556",13564.7337326284,1,1,1,97
"2557",3512.10633262842,1,1,1,1010
"2558",5617.18183262842,1,1,1,1010
"2559",28874.0217326284,2,3,1,99
"2560",1469.46953262842,2,1,1,1010
"2561",1505.14883262842,1,3,9,97
"2562",11846.1823992951,1,4,11,53
"2563",2425.26063262842,1,1,1,1010
"2564",17002.7147326284,2,1,1,1010
"2565",16846.7777326284,1,1,1,1010
"2566",9204.11053262842,1,1,3,1010
"2567",2517.31533262842,1,1,8,99
"2568",4045.64343262842,1,1,8,1010
"2569",2208.34073262842,1,3,1,99
"2570",2272.25263262842,1,1,1,1010
"2571",20998.5037326284,1,3,1,97
"2572",22270.3127326284,1,4,9,109
"2573",7401.14373262842,1,1,1,1010
"2574",5644.77263262842,1,1,1,1010
"2575",10168.3237326284,1,1,1,1010
"2576",16675.0727326284,2,1,1,1010
"2577",2912.25063262842,1,1,1,108
"2578",13527.9807326284,1,1,1,1010
"2579",17792.7240659618,1,4,9,28
"2580",2539.84683262842,1,1,7,99
"2581",5966.75703262842,1,1,1,108
"2582",10152.5277326284,1,2,10,1010
"2583",3592.38473262842,2,1,4,97
"2584",1623.57563262842,2,1,1,1010
"2585",9118.93473262842,1,1,8,95
"2586",6357.52603262842,1,3,1,109
"2587",2213.54733262842,2,1,1,1010
"2588",5786.65793262842,1,1,7,109
"2589",3821.94083262842,1,1,1,910
"2590",16692.6133992951,2,1,1,108
"2591",14224.7987326284,2,1,10,1010
"2592",18536.0403992951,2,3,9,107
"2593",2976.91763262842,1,1,1,1010
"2594",6250.48843262842,1,1,4,108
"2595",3075.03553262842,1,1,1,1010
"2596",10656.8743992951,2,1,9,105
"2597",4502.20523262842,1,3,9,77
"2598",1826.26203262842,2,3,4,109
"2599",12794.9537326284,2,1,9,108
"2600",5730.46303262842,2,1,1,108
"2601",3699.42233262842,2,1,4,99
"2602",2183.05433262842,2,1,1,1010
"2603",3695.67323262842,1,1,1,1010
"2604",6036.41273262842,1,1,1,58
"2605",3859.97893262842,1,1,1,99
"2606",4823.31853262842,1,1,1,98
"2607",9347.58903262842,2,1,1,98
"2608",924.43962262842,1,1,1,1010
"2609",4662.76193262842,2,1,6,98
"2610",3877.81853262842,1,1,5,1010
"2611",1968.97903262842,1,1,1,108
"2612",1353.51203262842,1,1,1,1010
"2613",1737.06393262842,2,3,10,109
"2614",425.85170262842,1,3,1,109
"2615",1627.35023262842,1,3,1,1010
"2616",5822.46793262842,1,1,1,55
"2617",4172.17203262842,1,1,1,910
"2618",24128.9007326284,1,3,11,98
"2619",3859.97893262842,1,1,9,107
"2620",1737.06393262842,2,1,11,1010
"2621",2843.12053262842,1,3,8,56
"2622",5579.33073262842,1,1,1,1010
"2623",6464.56363262842,1,1,1,1010
"2624",3796.07193262842,2,1,1,109
"2625",8337.72383262842,1,1,1,1010
"2626",7463.58273262842,2,1,6,109
"2627",23867.1157326284,1,1,1,68
"2628",11370.4597326284,1,3,1,95
"2629",4413.00703262842,2,1,1,108
"2630",1737.06393262842,2,3,11,97
"2631",1362.43183262842,1,1,1,99
"2632",3806.46013262842,1,1,11,27
"2633",11245.5817326284,1,3,1,107
"2634",7891.73353262842,1,1,9,1010
"2635",5019.55433262842,2,1,1,99
"2636",3886.73843262842,1,1,1,109
"2637",5524.14133262842,2,1,9,102
"2638",10888.7897326284,1,1,1,1010
"2639",17971.1197326284,1,1,1,910
"2640",11932.4077326284,1,1,1,1010
"2641",16766.9457326284,2,4,9,57
"2642",622.08757262842,1,1,3,109
"2643",3164.23353262842,2,1,1,1010
"2644",7534.94113262842,1,1,1,1010
"2645",2875.91053262842,1,1,11,1010
"2646",800.92009262842,1,1,1,105
"2647",5822.33713262842,2,1,5,1010
"2648",2205.72063262842,2,3,11,107
"2649",9666.77553262842,1,3,9,109
"2650",2629.04513262842,2,1,1,1010
"2651",6241.56853262842,2,1,4,103
"2652",3493.37463262842,2,1,2,109
"2653",2486.32803262842,2,3,10,98
"2654",11145.0897326284,1,1,4,99
"2655",5750.97873262842,2,1,7,1010
"2656",7445.74283262842,1,3,5,109
"2657",3271.27143262842,1,1,1,108
"2658",21628.2427326284,1,4,11,27
"2659",755.88469262842,2,1,1,59
"2660",3360.46943262842,1,1,1,109
"2661",16454.7517326284,1,1,1,1010
"2662",5197.95033262842,1,1,1,1010
"2663",8926.43183262842,1,3,8,68
"2664",8445.04513262842,1,1,5,109
"2665",4000.01993262842,1,1,1,1010
"2666",17614.3267326284,1,1,8,23
"2667",7784.69553262842,1,3,9,99
"2668",3612.10563262842,2,1,1,910
"2669",4323.80923262842,1,1,1,1010
"2670",2807.44133262842,1,1,1,210
"2671",5304.98843262842,1,1,6,108
"2672",6249.96843262842,1,1,1,109
"2673",2147.37513262842,1,1,1,109
"2674",17792.7240659618,1,4,11,17
"2675",1308.91303262842,1,1,10,1010
"2676",2093.85633262842,1,1,1,99
"2677",11310.9937326284,1,4,11,29
"2678",10746.0727326284,1,4,11,109
"2679",4404.89613262842,1,1,1,1010
"2680",14670.7897326284,1,1,2,79
"2681",20692.9023992951,1,1,1,1010
"2682",3396.14883262842,1,1,2,99
"2683",9274.30383262842,1,1,4,109
"2684",9274.30383262842,2,1,9,1010
"2685",3342.62983262842,2,3,8,97
"2686",3271.27143262842,1,1,1,1010
"2687",4305.96943262842,2,1,1,1010
"2688",5481.93913262842,1,1,1,1010
"2689",17346.7327326284,2,1,1,99
"2690",9764.89373262842,2,1,6,109
"2691",5117.67203262842,1,1,1,1010
"2692",1393.78823262842,1,1,10,108
"2693",12440.8373992951,1,2,6,107
"2694",14670.7897326284,2,1,2,1010
"2695",1014.55923262842,2,1,1,1010
"2696",13689.6107326284,1,1,5,1010
"2697",3833.21943262842,1,1,7,99
"2698",11064.3803992951,1,1,4,510
"2699",5220.25013262842,1,1,1,99
"2700",2539.84683262842,2,1,1,106
"2701",13065.2237326284,1,1,10,108
"2702",3342.62983262842,2,1,11,105
"2703",3271.27143262842,1,1,1,1010
"2704",4563.46013262842,1,1,1,97
"2705",5170.15353262842,1,1,1,1010
"2706",2355.17863262842,1,1,1,1010
"2707",4002.69593262842,1,3,1,99
"2708",3418.44813262842,1,1,1,1010
"2709",11223.9267326284,2,3,11,22
"2710",6210.04953262842,1,1,1,108
"2711",12084.0437326284,1,1,3,99
"2712",2406.04973262842,1,1,1,1010
"2713",7143.17153262842,2,3,1,109
"2714",13495.4007326284,2,1,11,1010
"2715",10924.4687326284,2,1,1,1010
"2716",2165.21473262842,1,1,1,1010
"2717",15434.1987326284,2,1,9,95
"2718",4653.84193262842,1,1,1,108
"2719",4413.00703262842,1,1,1,1010
"2720",6280.51093262842,1,1,9,95
"2721",7088.95033262842,1,1,9,98
"2722",12887.4207326284,1,1,6,108
"2723",5304.98843262842,1,3,8,97
"2724",4056.21453262842,1,3,8,99
"2725",8730.19553262842,2,1,1,79
"2726",6209.18813262842,1,1,1,1010
"2727",3414.76703262842,1,1,1,910
"2728",20736.2617326284,1,1,7,1010
"2729",3306.95063262842,1,1,1,106
"2730",1076.99783262842,1,1,1,108
"2731",2414.96963262842,1,3,1,910
"2732",3833.21943262842,1,1,9,99
"2733",6527.00213262842,1,1,12,108
"2734",912.34282262842,1,1,5,99
"2735",2093.85633262842,1,1,1,1010
"2736",1045.75453262842,1,1,1,1010
"2737",6518.08273262842,1,1,1,1010
"2738",4056.21453262842,1,1,1,1010
"2739",1603.26673262842,1,1,1,1010
"2740",2550.75113262842,1,1,10,97
"2741",11661.8400659618,1,1,1,59
"2742",3324.79023262842,2,1,1,1010
"2743",1627.69613262842,1,1,1,107
"2744",5041.39913262842,1,1,1,103
"2745",2432.80923262842,1,1,1,33
"2746",4903.59683262842,1,1,1,107
"2747",5046.21453262842,1,1,1,1010
"2748",5033.18133262842,1,1,1,109
"2749",26117.8803992951,1,1,8,99
"2750",2785.58903262842,2,1,12,1010
"2751",13806.2567326284,1,1,1,1010
"2752",1735.33393262842,1,1,1,99
"2753",2129.53553262842,1,3,8,105
"2754",5368.19643262842,1,1,8,95
"2755",9140.50703262842,1,1,1,18
"2756",3877.81853262842,2,1,7,99
"2757",1588.12163262842,2,1,6,107
"2758",2414.96963262842,2,1,1,109
"2759",1712.12863262842,1,1,1,1010
"2760",9318.90353262842,2,1,1,104
"2761",1897.62053262842,1,1,1,107
"2762",3467.90663262842,1,1,1,1010
"2763",6375.36543262842,1,1,1,109
"2764",2896.63933262842,1,3,8,97
"2765",2361.45063262842,1,1,1,98
"2766",1228.63473262842,1,1,1,1010
"2767",24185.2553992951,1,1,8,1010
"2768",5750.97873262842,2,1,1,1010
"2769",6478.65933262842,2,1,12,105
"2770",1811.98513262842,1,1,1,910
"2771",18729.3027326284,1,3,1,97
"2772",1380.27153262842,1,1,1,1010
"2773",3075.03553262842,1,1,1,1010
"2774",1111.21553262842,2,1,1,97
"2775",4124.00553262842,1,1,1,910
"2776",11308.0207326284,2,1,1,97
"2777",2163.10023262842,2,1,1,1010
"2778",4591.40353262842,1,1,1,38
"2779",1554.20783262842,1,1,1,1010
"2780",2896.63933262842,2,1,1,108
"2781",648.84697262842,1,1,1,1010
"2782",2316.85173262842,1,1,1,98
"2783",10709.7437326284,1,1,1,1010
"2784",1469.46953262842,2,1,1,1010
"2785",2629.04513262842,1,1,5,97
"2786",2869.87983262842,1,1,1,97
"2787",1808.42243262842,1,1,1,1010
"2788",5750.97873262842,1,1,1,1010
"2789",1362.43183262842,1,1,11,97
"2790",2227.65353262842,1,1,8,98
"2791",6732.15793262842,2,1,1,1010
"2792",1915.46013262842,2,3,10,109
"2793",987.79983262842,1,1,3,510
"2794",7963.09193262842,1,1,1,109
"2795",7310.61833262842,1,3,1,99
"2796",1326.75263262842,1,1,1,1010
"2797",15830.3657326284,1,3,1,96
"2798",3146.39393262842,1,1,6,910
"2799",5305.88003262842,2,1,1,108
"2800",7338.70523262842,2,1,1,109
"2801",11102.8657326284,1,1,10,1010
"2802",1824.58923262842,2,1,1,98
"2803",25166.0767326284,1,4,11,107
"2804",1995.34353262842,1,1,1,107
"2805",3710.01063262842,2,1,1,910
"2806",2183.05433262842,2,1,9,99
"2807",9970.04873262842,2,1,5,109
"2808",12794.9537326284,2,1,7,108
"2809",4876.83753262842,1,1,3,99
"2810",4502.20523262842,2,1,1,1010
"2811",1737.06393262842,1,1,11,98
"2812",2771.76193262842,2,3,1,1010
"2813",1783.58723262842,1,1,1,108
"2814",9318.90353262842,2,1,9,1010
"2815",4100.81363262842,2,1,1,1010
"2816",18716.8167326284,1,3,1,99
"2817",5750.97873262842,1,1,1,109
"2818",1626.99223262842,2,1,1,1010
"2819",2254.41303262842,1,1,9,105
"2820",1623.11523262842,2,1,1,1010
"2821",3704.31953262842,1,1,10,910
"2822",2130.42183262842,2,1,1,108
"2823",2183.05433262842,2,1,12,102
"2824",2896.63933262842,1,1,1,1010
"2825",5358.50703262842,2,1,1,1010
"2826",2946.59023262842,2,1,6,99
"2827",2209.81393262842,2,1,1,95
"2828",18506.3087326284,1,4,11,109
"2829",6009.65353262842,2,1,4,98
"2830",1291.07343262842,2,1,1,1010
"2831",4132.94253262842,2,1,1,1010
"2832",2361.45063262842,2,1,1,105
"2833",2076.01673262842,2,3,1,99
"2834",3289.11103262842,1,1,2,1010
"2835",2414.96963262842,1,1,1,109
"2836",6375.36543262842,1,1,1,105
"2837",5356.13443262842,1,1,1,1010
"2838",3298.03093262842,2,1,5,99
"2839",16900.7427326284,1,1,1,109
"2840",9854.09193262842,1,1,6,97
"2841",3877.81853262842,1,1,1,1010
"2842",4832.23843262842,2,1,7,107
"2843",25909.7517326284,1,1,11,108
"2844",13868.0067326284,1,1,3,95
"2845",9764.89373262842,2,2,4,73
"2846",2629.04513262842,1,3,9,49
"2847",4591.40353262842,1,1,1,1010
"2848",4992.79513262842,1,1,9,710
"2849",4395.16763262842,1,1,1,1010
"2850",9854.09193262842,2,1,1,910
"2851",6196.96943262842,1,1,1,1010
"2852",3431.82803262842,2,1,1,108
"2853",24677.0337326284,2,1,7,69
"2854",7356.54463262842,1,1,1,103
"2855",2629.04513262842,1,1,5,99
"2856",14224.7987326284,2,3,12,107
"2857",2242.23873262842,2,1,1,99
"2858",29163.2247326284,1,1,8,98
"2859",2401.14963262842,1,1,1,109
"2860",934.28093262842,2,1,1,1010
"2861",2920.88913262842,1,1,1,107
"2862",452.61113262842,1,1,1,910
"2863",415.80952262842,1,1,1,109
"2864",943.20073262842,2,1,1,1010
"2865",7722.25703262842,2,1,1,108
"2866",7088.95033262842,2,3,8,107
"2867",5661.78093262842,1,1,1,1010
"2868",18387.3777326284,1,1,1,1010
"2869",6785.67693262842,1,1,1,98
"2870",3788.62053262842,2,1,7,107
"2871",2896.63933262842,2,1,1,105
"2872",2142.11463262842,1,1,1,105
"2873",6879.74483262842,1,3,1,79
"2874",11548.8557326284,2,1,1,109
"2875",5822.46793262842,1,1,4,910
"2876",3083.66793262842,1,1,1,107
"2877",648.84697262842,2,1,1,95
"2878",1291.07343262842,1,1,1,109
"2879",8935.35173262842,2,1,1,109
"2880",11374.9757326284,2,1,8,108
"2881",16811.5447326284,1,1,10,107
"2882",10702.3607326284,1,1,1,1010
"2883",3859.97893262842,1,3,7,68
"2884",5943.88693262842,1,1,1,1010
"2885",2076.01673262842,1,1,1,910
"2886",1603.26673262842,2,1,1,109
"2887",2852.60783262842,1,2,1,1010
"2888",10924.4687326284,2,1,6,108
"2889",18907.6993992951,2,1,1,1010
"2890",2357.42153262842,1,1,1,1010
"2891",3806.46013262842,1,3,8,1010
"2892",18967.3750659618,2,4,11,23
"2893",8819.39373262842,2,1,1,107
"2894",10286.1187326284,2,1,1,107
"2895",2618.60373262842,1,1,1,108
"2896",5069.50503262842,2,1,1,1010
"2897",7410.06363262842,1,3,1,97
"2898",2539.84683262842,1,1,2,95
"2899",1424.87053262842,2,1,1,109
"2900",6732.15793262842,1,1,1,1010
"2901",15418.1567326284,1,3,1,109
"2902",3869.01333262842,1,1,1,99
"2903",2538.95503262842,2,3,12,57
"2904",8926.43183262842,2,3,1,67
"2905",5450.85223262842,1,1,1,1010
"2906",4328.15003262842,1,1,1,108
"2907",1076.99783262842,1,1,1,109
"2908",10757.4037326284,1,1,6,108
"2909",3592.38473262842,2,1,9,99
"2910",9051.30873262842,1,1,1,1010
"2911",4644.92203262842,2,1,1,1010
"2912",7873.89373262842,1,1,1,108
"2913",3174.09143262842,1,1,1,1010
"2914",7463.58273262842,1,1,12,1010
"2915",3057.19593262842,1,1,4,108
"2916",8525.04023262842,2,1,4,1010
"2917",4323.80923262842,2,3,9,108
"2918",1527.66623262842,1,1,1,710
"2919",7098.09583262842,1,1,1,1010
"2920",443.69133262842,2,1,1,1010
"2921",5969.51433262842,1,3,10,1010
"2922",2049.25723262842,1,1,1,1010
"2923",9495.69843262842,1,3,10,99
"2924",5422.35763262842,1,1,1,1010
"2925",7891.73353262842,2,1,1,103
"2926",2771.76193262842,1,1,1,1010
"2927",8639.21403262842,2,1,7,105
"2928",3509.90423262842,1,1,1,1010
"2929",2004.65813262842,1,1,1,108
"2930",2273.11203262842,1,1,2,910
"2931",2013.57803262842,2,1,1,107
"2932",5037.39373262842,2,1,6,510
"2933",1027.07023262842,1,1,10,910
"2934",2473.17913262842,1,1,8,58
"2935",4600.32343262842,1,1,1,109
"2936",12440.8367326284,2,1,1,1010
"2937",11994.8467326284,1,1,8,109
"2938",1221.69183262842,1,1,4,910
"2939",4216.77113262842,1,1,7,410
"2940",16900.7427326284,2,1,9,1010
"2941",4945.07293262842,2,1,1,310
"2942",2049.25723262842,1,1,1,109
"2943",28202.1427326284,1,1,1,1010
"2944",2771.76193262842,2,1,1,1010
"2945",1897.62053262842,1,1,1,1010
"2946",3293.81173262842,1,1,1,99
"2947",11251.5287326284,2,4,11,47
"2948",7490.34193262842,1,1,1,99
"2949",15756.0187326284,2,1,9,910
"2950",729.42851262842,2,1,10,1010
"2951",5643.94113262842,1,3,1,109
"2952",2967.99773262842,1,1,1,98
"2953",4991.01093262842,1,3,1,109
"2954",4484.36593262842,1,1,1,57
"2955",23691.3947326284,2,1,1,108
"2956",1642.18863262842,2,1,1,1010
"2957",29523.6627326284,2,2,1,99
"2958",24214.9867326284,1,1,1,109
"2959",1737.06393262842,1,1,1,1010
"2960",12039.4457326284,1,1,1,108
"2961",5171.19113262842,1,1,1,1010
"2962",845.08281262842,1,1,6,108
"2963",6642.96013262842,2,3,10,910
"2964",27872.1097326284,1,1,1,1010
"2965",6187.97523262842,1,1,1,1010
"2966",4484.36593262842,1,1,1,1010
"2967",9675.69553262842,2,1,1,1010
"2968",2357.20773262842,2,3,9,109
"2969",10679.6007326284,1,1,1,1010
"2970",2869.87983262842,1,1,1,107
"2971",1502.13593262842,2,1,1,1010
"2972",3765.67013262842,1,1,1,1010
"2973",5562.19643262842,1,1,3,108
"2974",14340.7567326284,1,1,1,1010
"2975",2753.92233262842,1,1,1,910
"2976",13778.8087326284,2,1,10,98
"2977",3152.74483262842,1,1,1,1010
"2978",3625.91623262842,1,1,7,910
"2979",1044.03203262842,1,1,1,53
"2980",2629.04513262842,2,4,11,97
"2981",3075.03553262842,1,1,1,1010
"2982",2371.40323262842,1,3,6,97
"2983",1612.18653262842,1,1,5,108
"2984",7125.52163262842,2,3,1,109
"2985",6981.91273262842,1,1,1,1010
"2986",3162.34513262842,1,1,1,910
"2987",7980.93133262842,2,1,4,98
"2988",29388.4767326284,1,4,8,57
"2989",11636.9577326284,1,3,1,98
"2990",13622.7117326284,1,1,1,108
"2991",2985.83733262842,1,1,8,109
"2992",845.08281262842,2,1,1,1010
"2993",4966.03533262842,2,3,1,1010
"2994",1781.66303262842,1,1,1,1010
"2995",17168.3357326284,2,3,1,1010
"2996",5704.30823262842,2,1,5,1010
"2997",3967.01653262842,1,1,1,108
"2998",5278.22873262842,2,1,7,97
"2999",9078.54603262842,2,1,7,99
"3000",9277.52653262842,1,1,5,99
"3001",1500.24773262842,1,1,9,107
"3002",5260.38933262842,1,1,9,102
"3003",6750.76873262842,1,1,1,1010
"3004",2183.05433262842,2,1,1,1010
"3005",9569.90833262842,2,1,1,108
"3006",4316.43033262842,1,3,10,97
"3007",15384.3737326284,2,1,1,1010
"3008",4163.25263262842,2,1,1,1010
"3009",3833.21943262842,1,1,5,108
"3010",7953.88833262842,1,1,1,109
"3011",18238.7147326284,1,1,1,1010
"3012",15581.5407326284,1,3,1,99
"3013",11727.2517326284,1,1,1,1010
"3014",6642.96013262842,2,1,1,97
"3015",3922.41763262842,1,3,1,99
"3016",3253.43183262842,1,1,1,92
"3017",2067.09683262842,1,1,1,910
"3018",12494.3557326284,1,3,9,210
"3019",3645.29853262842,1,1,1,108
"3020",29905.8267326284,2,1,8,107
"3021",4948.19593262842,1,1,1,108
"3022",3610.22433262842,1,1,1,1010
"3023",4056.21453262842,2,1,8,107
"3024",14759.9877326284,1,1,1,1010
"3025",2031.41763262842,1,3,1,59
"3026",4280.10223262842,2,1,1,910
"3027",4413.00703262842,2,1,11,1010
"3028",3075.03553262842,2,1,1,910
"3029",3253.43183262842,2,1,9,510
"3030",1984.54123262842,1,1,7,108
"3031",19664.4623992951,1,4,11,97
"3032",2120.61593262842,1,1,1,99
"3033",6268.32783262842,1,3,1,99
"3034",3640.07583262842,1,1,5,1010
"3035",1754.90353262842,2,1,1,1010
"3036",13653.9307326284,1,1,9,92
"3037",1291.07343262842,1,1,1,98
"3038",3842.13933262842,1,1,8,1010
"3039",2771.76193262842,1,1,1,1010
"3040",10210.8837326284,1,1,1,1010
"3041",1228.63473262842,1,1,1,1010
"3042",9510.41623262842,2,1,12,1010
"3043",2896.63933262842,2,1,1,1010
"3044",5269.30923262842,2,1,1,99
"3045",23243.8437326284,1,1,1,1010
"3046",4475.77553262842,2,1,1,1010
"3047",5189.03093262842,1,3,1,99
"3048",10447.7157326284,1,1,1,92
"3049",1665.70533262842,2,1,1,1010
"3050",5340.66763262842,2,1,1,99
"3051",13695.5357326284,1,2,8,77
"3052",3521.02603262842,2,1,1,1010
"3053",3222.20383262842,1,1,1,109
"3054",6999.75213262842,2,1,1,510
"3055",1647.86573262842,1,1,1,1010
"3056",8775.09493262842,1,3,9,17
"3057",13154.4217326284,1,1,1,1010
"3058",2180.99093262842,2,1,1,109
"3059",4413.00703262842,1,1,1,1010
"3060",1995.73843262842,2,1,1,109
"3061",3419.76193262842,1,1,8,105
"3062",12208.9217326284,2,1,4,99
"3063",5652.02993262842,1,1,1,99
"3064",1380.27153262842,2,3,1,1010
"3065",3396.14883262842,2,1,1,109
"3066",560.67882262842,2,1,1,1010
"3067",16008.7607326284,2,1,10,1010
"3068",5331.92843262842,1,3,1,29
"3069",4875.00843262842,2,1,11,107
"3070",6196.96943262842,2,1,11,23
"3071",9604.33713262842,2,1,12,79
"3072",2200.89393262842,2,1,1,99
"3073",21564.2907326284,1,3,11,94
"3074",13238.4307326284,1,1,9,1010
"3075",1737.06393262842,2,1,7,108
"3076",24036.5917326284,1,3,1,1010
"3077",1500.68893262842,1,1,11,107
"3078",1984.65173262842,1,1,1,1010
"3079",13404.1767326284,2,1,7,1010
"3080",3253.43183262842,2,1,6,107
"3081",6107.77113262842,2,1,6,1010
"3082",3554.36023262842,1,1,1,1010
"3083",5804.49773262842,1,1,1,97
"3084",3217.75263262842,1,1,1,108
"3085",309.89418262842,2,1,1,910
"3086",9550.81853262842,1,1,4,1010
"3087",5750.97873262842,1,1,7,108
"3088",19041.4967326284,1,1,9,1010
"3089",13740.2397326284,2,1,9,107
"3090",8426.92203262842,2,1,1,710
"3091",2807.44133262842,2,1,1,1010
"3092",3197.22673262842,2,1,1,1010
"3093",4796.55923262842,1,1,1,1010
"3094",3806.46013262842,1,1,4,107
"3095",1737.06393262842,1,1,1,107
"3096",6286.16763262842,1,1,12,107
"3097",577.48851262842,2,1,9,99
"3098",4916.89813262842,1,1,4,105
"3099",19457.7553992951,2,1,1,98
"3100",4067.17793262842,1,1,5,109
"3101",3217.75263262842,1,1,1,1010
"3102",19219.8927326284,2,1,1,99
"3103",11539.9357326284,2,1,4,99
"3104",4563.15743262842,2,1,1,97
"3105",2611.20553262842,1,1,1,910
"3106",3396.14883262842,1,1,4,109
"3107",3273.51013262842,1,1,4,108
"3108",5883.56953262842,2,1,1,1010
"3109",12321.9063992951,1,1,7,99
"3110",1539.86523262842,2,1,1,1010
"3111",15501.0287326284,1,1,9,99
"3112",5197.95033262842,1,1,1,910
"3113",4475.77553262842,1,1,1,1010
"3114",2950.24653262842,1,1,1,98
"3115",4099.62953262842,1,1,1,109
"3116",2147.37513262842,1,1,1,108
"3117",2637.96473262842,1,1,2,99
"3118",7088.95033262842,2,1,1,99
"3119",8872.91223262842,2,1,11,22
"3120",6398.90933262842,1,1,1,109
"3121",7998.77113262842,1,1,1,1010
"3122",3080.74943262842,1,1,1,1010
"3123",16232.6957326284,1,1,1,99
"3124",7588.45963262842,2,1,2,98
"3125",6767.83713262842,2,1,4,109
"3126",4476.90253262842,1,1,1,107
"3127",666.68663262842,1,1,6,107
"3128",7578.72823262842,2,1,1,98
"3129",4841.15793262842,1,1,1,99
"3130",4503.74963262842,2,3,1,1010
"3131",8569.63883262842,1,1,7,109
"3132",12315.0677326284,2,1,1,1010
"3133",28674.8927326284,1,4,10,108
"3134",23936.5137326284,1,1,1,1010
"3135",1320.63923262842,1,1,1,109
"3136",3075.03553262842,2,1,9,28
"3137",8717.19353262842,1,1,9,98
"3138",2183.05433262842,2,1,1,1010
"3139",1647.86573262842,2,1,1,108
"3140",3877.81853262842,1,1,1,1010
"3141",1014.55923262842,1,1,1,98
"3142",1422.98003262842,2,1,1,109
"3143",5643.94113262842,2,3,7,109
"3144",3806.46013262842,1,1,5,102
"3145",7157.04363262842,1,1,1,1010
"3146",9194.02553262842,1,1,1,98
"3147",3342.62983262842,1,3,1,99
"3148",5170.15353262842,2,1,1,1010
"3149",3494.26673262842,1,1,1,108
"3150",2591.23403262842,2,1,1,1010
"3151",12619.2337326284,1,1,1,1010
"3152",3859.97893262842,1,1,1,109
"3153",3978.37933262842,1,1,10,108
"3154",12110.8037326284,1,1,6,107
"3155",934.28093262842,1,1,1,1010
"3156",13649.4717326284,2,1,1,910
"3157",5167.24383262842,1,3,1,1010
"3158",1451.30713262842,2,3,1,98
"3159",15434.1987326284,1,1,9,28
"3160",3521.02603262842,2,1,1,105
"3161",14697.5487326284,2,1,1,108
"3162",16511.1367326284,2,1,1,99
"3163",5491.78723262842,2,1,1,1010
"3164",1940.23413262842,1,1,1,1010
"3165",8126.75893262842,1,1,5,99
"3166",1924.37993262842,1,1,1,1010
"3167",6196.96943262842,2,1,8,98
"3168",3164.23353262842,1,1,1,1010
"3169",4216.77113262842,1,1,1,1010
"3170",3967.01653262842,2,1,1,108
"3171",4644.92203262842,1,1,1,1010
"3172",2397.26723262842,2,1,1,1010
"3173",2227.65353262842,2,1,1,109
"3174",1469.46953262842,1,1,9,59
"3175",12622.0457326284,2,3,4,109
"3176",2272.25263262842,1,1,7,95
"3177",12247.5987326284,2,1,6,109
"3178",28942.4867326284,2,1,11,102
"3179",1228.63473262842,1,1,1,910
"3180",14968.1173992951,1,1,9,93
"3181",4548.93963262842,2,1,1,1010
"3182",14021.3007326284,2,1,9,108
"3183",21717.4397326284,2,1,9,93
"3184",11994.8467326284,2,1,1,109
"3185",3623.60393262842,2,1,7,108
"3186",24067.1197326284,1,1,9,53
"3187",2198.41843262842,2,2,11,510
"3188",13868.0067326284,1,1,1,98
"3189",3396.14883262842,1,1,1,105
"3190",2619.97163262842,2,3,1,99
"3191",2004.65813262842,1,1,9,1010
"3192",2004.65813262842,1,1,1,107
"3193",7356.54463262842,2,1,1,109
"3194",7927.41273262842,2,1,1,1010
"3195",5135.25263262842,1,1,1,1010
"3196",4045.96213262842,1,1,1,99
"3197",12530.0357326284,1,1,1,1010
"3198",4502.20523262842,1,1,1,109
"3199",24036.4557326284,2,1,1,108
"3200",4056.21453262842,1,1,12,55
"3201",4002.69593262842,2,1,1,97
"3202",2183.05433262842,1,1,1,109
"3203",1630.02613262842,1,1,1,109
"3204",5144.43183262842,2,1,1,910
"3205",4234.61103262842,2,3,1,1010
"3206",15116.7807326284,1,4,9,97
"3207",663.34984262842,2,1,10,97
"3208",6009.65353262842,2,1,1,1010
"3209",399.09227262842,1,1,1,1010
"3210",1701.38473262842,1,1,1,910
"3211",19576.6857326284,1,4,11,29
"3212",11370.4597326284,2,1,9,53
"3213",5574.69303262842,2,3,9,1010
"3214",3405.06853262842,1,1,1,1010
"3215",11296.1277326284,2,1,1,108
"3216",5394.18623262842,2,1,9,98
"3217",9903.88983262842,1,1,1,910
"3218",11080.5657326284,1,1,1,1010
"3219",7952.38833262842,1,3,1,108
"3220",4591.40353262842,1,3,1,99
"3221",2762.84223262842,2,1,7,55
"3222",14340.7567326284,1,1,1,910
"3223",577.48851262842,1,3,1,910
"3224",292.05455262842,1,1,1,93
"3225",20914.6567326284,1,1,1,1010
"3226",14224.7987326284,1,1,10,108
"3227",25374.5627326284,2,3,7,107
"3228",5893.69593262842,2,1,1,98
"3229",3358.68543262842,1,1,1,107
"3230",6915.22573262842,2,1,1,1010
"3231",11119.7117326284,1,1,8,97
"3232",12494.3557326284,2,3,1,1010
"3233",7490.34193262842,2,1,1,1010
"3234",1415.95073262842,1,1,1,1010
"3235",10968.6247326284,2,1,4,109
"3236",10656.8747326284,2,1,11,1010
"3237",11846.1823992951,2,4,9,98
"3238",755.88469262842,1,1,1,910
"3239",7088.95033262842,2,1,5,109
"3240",6732.15793262842,1,1,1,1010
"3241",1915.46013262842,2,1,1,1010
"3242",18443.8697326284,2,3,1,97
"3243",3708.34223262842,1,3,4,107
"3244",2718.24313262842,1,1,1,1010
"3245",1692.46493262842,1,1,1,610
"3246",1335.67243262842,1,1,1,99
"3247",9194.02553262842,2,2,9,109
"3248",1808.42243262842,2,1,4,910
"3249",18684.7057326284,1,1,9,57
"3250",8007.69113262842,1,1,1,910
"3251",5259.15253262842,2,1,1,109
"3252",7534.94113262842,1,1,1,108
"3253",13213.8867326284,1,3,9,910
"3254",4966.03533262842,1,1,1,108
"3255",18122.7557326284,1,1,1,1010
"3256",27158.5257326284,1,4,9,77
"3257",2718.24313262842,1,1,1,410
"3258",15116.7807326284,2,1,8,108
"3259",1737.06393262842,2,1,1,105
"3260",3440.74773262842,2,1,1,108
"3261",3453.58123262842,1,3,1,107
"3262",7186.91473262842,1,3,1,108
"3263",8700.16713262842,2,1,4,57
"3264",11994.8467326284,1,3,1,99
"3265",2615.52213262842,1,1,4,109
"3266",5750.97873262842,1,1,7,910
"3267",8623.15833262842,2,1,5,910
"3268",6642.96013262842,2,1,6,107
"3269",4458.06123262842,1,1,1,108
"3270",4646.22283262842,1,1,1,107
"3271",8872.91223262842,2,1,7,108
"3272",3788.62053262842,2,1,8,710
"3273",1960.99573262842,1,3,1,99
"3274",889.68187262842,1,1,4,1010
"3275",3752.94113262842,2,1,9,93
"3276",5938.29463262842,1,1,6,108
"3277",3083.95523262842,1,1,1,1010
"3278",3824.29973262842,1,1,1,1010
"3279",5037.39373262842,1,1,3,108
"3280",3806.16593262842,1,1,1,109
"3281",4876.83753262842,1,1,1,95
"3282",28874.0217326284,1,3,1,99
"3283",19356.3827326284,2,1,4,99
"3284",7891.73353262842,2,1,1,1010
"3285",7088.95033262842,2,1,9,108
"3286",23425.0647326284,1,1,1,99
"3287",4644.92203262842,1,1,1,1010
"3288",4145.41273262842,1,1,1,210
"3289",6280.51093262842,2,1,2,109
"3290",6357.52603262842,1,1,1,1010
"3291",14296.1577326284,1,1,1,510
"3292",14135.6007326284,2,1,1,1010
"3293",3350.24753262842,1,1,1,1010
"3294",14076.1357326284,2,1,11,105
"3295",2316.85173262842,1,1,1,1010
"3296",13215.0767326284,2,1,1,1010
"3297",13404.1767326284,1,1,1,105
"3298",2718.24313262842,1,1,5,109
"3299",2147.37513262842,1,1,1,109
"3300",5453.05533262842,1,1,1,1010
"3301",18131.6757326284,1,1,1,910
"3302",3797.54023262842,1,1,8,99
"3303",17212.9357326284,2,3,9,99
"3304",7954.91523262842,1,1,1,1010
"3305",14587.8347326284,1,3,10,1010
"3306",1233.09463262842,1,1,1,99
"3307",1835.18183262842,1,1,1,99
"3308",5394.18623262842,2,1,1,1010
"3309",2701.41523262842,1,1,12,1010
"3310",26540.1427326284,1,1,1,79
"3311",2254.41303262842,2,3,1,109
"3312",2049.25723262842,1,1,1,109
"3313",4424.06753262842,1,1,9,1010
"3314",1291.07343262842,2,1,7,107
"3315",15066.6447326284,1,3,1,109
"3316",10175.2053992951,1,2,11,1010
"3317",11417.5900659618,2,2,1,109
"3318",2458.08193262842,1,1,1,1010
"3319",7392.22383262842,1,1,1,98
"3320",5938.29463262842,1,1,6,108
"3321",2985.83733262842,2,1,1,69
"3322",2878.79973262842,1,1,1,1010
"3323",2200.89393262842,1,1,1,102
"3324",1870.86113262842,1,1,1,97
"3325",2113.54363262842,2,1,1,1010
"3326",1754.90353262842,1,1,1,1010
"3327",354.49321262842,1,1,2,109
"3328",7387.76433262842,1,3,9,109
"3329",9253.66623262842,1,1,1,1010
"3330",4973.17103262842,1,3,1,96
"3331",2307.93183262842,1,1,1,99
"3332",800.48375262842,2,1,1,1010
"3333",12604.3673992951,2,4,11,59
"3334",9318.90353262842,2,3,9,57
"3335",755.88469262842,1,1,1,910
"3336",1719.22433262842,1,1,1,1010
"3337",2355.17863262842,2,1,1,1010
"3338",7017.59193262842,2,1,1,1010
"3339",7213.82783262842,1,3,7,99
"3340",3877.81853262842,1,1,1,108
"3341",12708.4307326284,1,1,1,108
"3342",5506.88833262842,1,1,1,1010
"3343",5519.06363262842,1,1,1,99
"3344",6642.96013262842,1,1,9,95
"3345",8962.11053262842,2,3,11,107
"3346",7873.89373262842,2,1,1,1010
"3347",24928.5727326284,1,3,7,1010
"3348",12039.4457326284,1,1,1,108
"3349",7534.94113262842,1,3,1,107
"3350",5349.58713262842,1,1,1,1010
"3351",1861.02973262842,1,1,7,1010
"3352",1908.08083262842,1,1,1,1010
"3353",25106.9687326284,2,1,1,27
"3354",4579.75703262842,1,1,1,105
"3355",1335.67243262842,1,1,1,108
"3356",5501.22433262842,1,1,4,98
"3357",15521.1447326284,1,1,1,108
"3358",10656.8747326284,1,1,9,1010
"3359",3595.82883262842,2,3,1,99
"3360",7522.71993262842,1,1,1,107
"3361",2988.97523262842,1,1,1,1010
"3362",4569.07243262842,2,1,1,108
"3363",23233.8087326284,2,3,11,107
"3364",8025.53043262842,2,1,1,99
"3365",13778.8087326284,1,2,1,109
"3366",5768.81853262842,2,1,9,99
"3367",24839.3727326284,1,1,9,98
"3368",26415.2083992951,1,1,9,95
"3369",630.37028262842,1,1,1,1010
"3370",3967.01653262842,1,1,9,109
"3371",2353.62813262842,1,1,1,1010
"3372",6428.88443262842,1,1,1,108
"3373",5715.29953262842,1,1,1,1010
"3374",4832.23843262842,2,1,9,27
"3375",9798.54413262842,1,1,1,1010
"3376",2333.99793262842,1,1,1,1010
"3377",2950.40003262842,1,1,1,99
"3378",5073.18283262842,1,1,3,1010
"3379",4056.21453262842,1,1,1,109
"3380",7588.45963262842,1,1,1,98
"3381",3610.22433262842,2,1,1,102
"3382",12939.6237326284,2,1,1,1010
"3383",3521.02603262842,1,1,1,910
"3384",2843.12053262842,2,1,6,1010
"3385",4546.80433262842,2,1,1,105
"3386",6642.96013262842,1,1,10,98
"3387",5452.73843262842,1,1,1,1010
"3388",5278.22873262842,1,1,5,107
"3389",1335.67243262842,1,1,7,97
"3390",17703.5257326284,1,3,1,109
"3391",3419.76193262842,2,1,1,107
"3392",6736.48553262842,1,1,12,1010
"3393",2495.24773262842,1,1,1,103
"3394",5304.98843262842,1,2,1,102
"3395",2473.08363262842,1,1,1,1010
"3396",3253.43183262842,2,1,12,97
"3397",7088.95033262842,1,1,8,57
"3398",2261.54973262842,1,1,1,1010
"3399",4992.79513262842,1,1,3,105
"3400",9640.01673262842,2,1,9,108
"3401",845.08281262842,2,1,8,105
"3402",10149.7877326284,1,1,1,108
"3403",1076.99783262842,1,1,1,1010
"3404",4323.80923262842,1,3,1,109
"3405",15634.1287326284,1,1,1,1010
"3406",5688.54023262842,2,1,10,1010
"3407",2138.45553262842,1,1,1,1010
"3408",1140.34463262842,2,1,1,1010
"3409",8872.91223262842,1,1,6,107
"3410",2718.24313262842,2,1,5,108
"3411",2539.84683262842,1,1,1,910
"3412",15083.7767326284,2,3,3,109
"3413",10975.5827326284,1,1,1,1010
"3414",23768.9967326284,2,3,5,107
"3415",4356.91083262842,2,1,1,910
"3416",10210.8837326284,1,3,1,1010
"3417",3555.73703262842,1,1,1,910
"3418",2328.68523262842,1,1,9,108
"3419",3030.43643262842,1,1,1,105
"3420",9194.02553262842,1,1,1,1010
"3421",2406.04973262842,2,1,1,99
"3422",13332.8187326284,2,4,9,35
"3423",11296.1277326284,1,1,1,1010
"3424",2355.17863262842,1,1,1,1010
"3425",11522.7897326284,1,1,8,95
"3426",4661.23993262842,1,1,1,109
"3427",1094.83753262842,1,1,1,1010
"3428",1018.49273262842,1,1,11,108
"3429",10719.3137326284,1,3,1,1010
"3430",3273.51013262842,2,1,1,109
"3431",6455.64373262842,1,1,1,1010
"3432",1487.30923262842,2,1,1,910
"3433",952.12053262842,1,1,1,610
"3434",5081.99283262842,1,1,1,109
"3435",9996.80873262842,1,3,1,99
"3436",3681.58273262842,1,1,1,910
"3437",1968.97903262842,1,1,8,1010
"3438",5973.97433262842,1,1,9,108
"3439",16722.3457326284,1,1,1,910
"3440",4456.39523262842,2,3,1,910
"3441",2896.63933262842,1,1,1,108
"3442",7356.54463262842,1,1,1,1010
"3443",16546.6997326284,2,1,10,104
"3444",3567.73093262842,1,1,1,109
"3445",10567.6107326284,1,3,1,99
"3446",5394.18623262842,1,4,9,109
"3447",2307.48673262842,1,1,1,109
"3448",5858.01673262842,2,3,1,1010
"3449",4100.81363262842,1,1,2,1010
"3450",10558.2097326284,1,1,1,1010
"3451",3967.01653262842,2,1,9,1010
"3452",11459.6577326284,2,1,1,107
"3453",1197.07463262842,1,3,1,99
"3454",1122.41533262842,1,1,1,109
"3455",2290.09223262842,1,1,1,109
"3456",1971.77773262842,1,1,1,1010
"3457",3265.70013262842,2,1,1,1010
"3458",8248.52553262842,1,1,1,108
"3459",2428.34933262842,1,1,1,1010
"3460",934.28093262842,2,1,1,109
"3461",23144.6097326284,2,3,7,59
"3462",2985.83733262842,1,1,1,1010
"3463",2896.63933262842,1,1,1,1010
"3464",4145.41273262842,1,1,1,109
"3465",6910.55433262842,2,1,1,109
"3466",7088.95033262842,2,1,1,97
"3467",3326.50013262842,1,1,8,98
"3468",18684.7057326284,1,3,7,92
"3469",1647.86573262842,1,1,1,1010
"3470",3735.10153262842,2,3,8,109
"3471",2187.47723262842,1,1,1,106
"3472",2539.84683262842,1,1,1,1010
"3473",4234.61103262842,1,1,11,97
"3474",5840.17693262842,2,2,7,105
"3475",755.88469262842,2,1,1,105
"3476",6570.07533262842,1,1,1,910
"3477",17495.3960659618,1,3,9,97
"3478",7410.06363262842,1,1,8,1010
"3479",16234.7293992951,2,3,11,78
"3480",4190.01193262842,1,1,1,109
"3481",5874.96403262842,2,1,1,1010
"3482",24928.5727326284,2,1,1,103
"3483",6259.40793262842,1,1,1,97
"3484",3886.73843262842,2,1,1,99
"3485",1647.86573262842,1,1,1,1010
"3486",2434.70033262842,1,1,1,1010
"3487",4993.85953262842,1,1,9,102
"3488",4029.64563262842,1,1,1,910
"3489",12262.4407326284,2,1,1,99
"3490",1469.46953262842,2,1,1,107
"3491",2381.23723262842,1,1,1,1010
"3492",10424.9597326284,1,1,1,1010
"3493",2950.15813262842,1,1,4,109
"3494",5351.72383262842,1,1,8,1010
"3495",5340.66763262842,1,1,1,1010
"3496",11369.0990659618,1,3,11,78
"3497",4145.41273262842,1,1,1,99
"3498",8316.48843262842,1,1,1,1010
"3499",3128.55433262842,1,1,1,1010
"3500",2093.85633262842,2,1,1,1010
"3501",10746.0727326284,2,1,12,1010
"3502",8685.59683262842,1,1,1,109
"3503",13992.8837326284,1,1,9,108
"3504",6749.99773262842,1,3,2,99
"3505",1442.71013262842,2,3,1,99
"3506",28496.4967326284,1,3,7,107
"3507",7445.74283262842,1,3,1,99
"3508",3410.27113262842,1,1,1,1010
"3509",8400.16223262842,2,1,6,1010
"3510",1701.38473262842,1,1,1,1010
"3511",5635.02113262842,1,1,2,910
"3512",878.00511262842,2,1,1,1010
"3513",1424.87053262842,1,1,1,1010
"3514",10389.2807326284,1,1,6,910
"3515",2629.04513262842,2,1,1,1010
"3516",4089.14863262842,1,1,1,109
"3517",19942.3987326284,1,1,9,105
"3518",3208.83273262842,1,1,1,1010
"3519",1522.98843262842,1,1,1,99
"3520",22422.1057326284,1,1,1,1010
"3521",12440.8367326284,2,1,1,105
"3522",972.19033262842,1,1,1,109
"3523",5304.98843262842,2,1,9,1010
"3524",3494.26673262842,1,1,1,98
"3525",5973.97433262842,1,1,9,99
"3526",9372.42203262842,1,3,1,910
"3527",9222.67983262842,1,1,3,210
"3528",11083.2417326284,1,1,5,98
"3529",566.90416262842,2,1,1,1010
"3530",7329.78533262842,1,1,1,1010
"3531",7240.19943262842,1,1,1,1010
"3532",2771.76193262842,1,1,1,109
"3533",13957.2057326284,2,1,1,109
"3534",622.08757262842,2,1,1,107
"3535",4056.21453262842,2,1,3,99
"3536",16230.4267326284,2,1,9,1010
"3537",3583.10373262842,2,1,1,109
"3538",3301.59323262842,2,1,1,1010
"3539",691.86577262842,1,1,1,1010
"3540",4448.68623262842,1,1,11,109
"3541",4763.14133262842,1,1,1,99
"3542",4038.37513262842,2,3,1,109
"3543",3467.50723262842,1,1,1,1010
"3544",7534.94113262842,1,1,1,109
"3545",2923.39883262842,1,1,1,1010
"3546",1139.43653262842,1,1,10,1010
"3547",902.94682262842,1,1,1,1010
"3548",1469.46953262842,2,1,1,25
"3549",13065.2240659618,2,1,1,108
"3550",4413.00703262842,2,4,9,106
"3551",5173.20033262842,1,1,1,1010
"3552",3075.03553262842,1,1,1,108
"3553",3657.46183262842,1,1,1,910
"3554",11459.6577326284,2,1,9,1010
"3555",17724.0407326284,1,1,9,1010
"3556",10121.6863992951,1,1,1,109
"3557",16692.6133992951,1,1,1,105
"3558",1059.15823262842,2,1,1,1010
"3559",2629.04513262842,2,1,5,1010
"3560",15562.7707326284,1,1,5,53
"3561",4172.17203262842,2,1,10,93
"3562",6018.57293262842,2,3,11,97
"3563",1037.17303262842,1,1,1,105
"3564",11085.0257326284,1,1,1,109
"3565",9577.57733262842,1,1,5,107
"3566",4778.71943262842,1,1,1,109
"3567",2404.09173262842,1,3,4,1010
"3568",3325.51233262842,2,1,1,1010
"3569",4858.99773262842,2,1,1,108
"3570",5327.49183262842,2,1,1,107
"3571",2004.65813262842,2,1,5,55
"3572",5545.82293262842,1,1,1,1010
"3573",7534.94113262842,2,2,8,108
"3574",2142.11463262842,2,1,1,105
"3575",3382.53463262842,2,1,1,1010
"3576",6120.60763262842,2,1,1,98
"3577",6696.47873262842,1,1,1,99
"3578",9019.05093262842,1,1,1,97
"3579",4414.30193262842,1,1,1,108
"3580",4524.21303262842,1,1,3,109
"3581",1558.66763262842,1,1,9,98
"3582",15532.4437326284,2,1,1,1010
"3583",6896.59683262842,1,1,1,107
"3584",5001.71453262842,2,3,1,1010
"3585",3610.22433262842,1,1,1,1010
"3586",5786.65793262842,1,1,1,1010
"3587",318.81398262842,1,1,1,1010
"3588",2691.48353262842,2,1,1,1010
"3589",2985.83733262842,1,1,7,1010
"3590",898.60167262842,1,1,1,1010
"3591",4092.75263262842,1,1,1,109
"3592",5394.18623262842,2,3,1,98
"3593",4448.68623262842,1,1,9,1010
"3594",4323.80923262842,2,1,2,59
"3595",6368.30193262842,1,1,6,1010
"3596",5090.77753262842,1,3,6,97
"3597",1870.86113262842,2,1,7,1010
"3598",2718.24313262842,2,1,1,1010
"3599",2474.10733262842,1,1,1,910
"3600",1380.27153262842,1,1,1,910
"3601",7088.95033262842,2,1,4,58
"3602",19309.0917326284,2,1,11,1010
"3603",5351.72383262842,2,1,1,1010
"3604",2629.04513262842,2,1,11,1010
"3605",2575.52603262842,1,1,1,1010
"3606",6865.95523262842,2,1,1,108
"3607",13035.4910659618,1,1,1,910
"3608",4954.14223262842,1,1,1,1010
"3609",3842.13933262842,1,1,7,1010
"3610",3602.19643262842,1,1,1,1010
"3611",24036.5917326284,1,1,7,1010
"3612",3586.06953262842,1,1,1,105
"3613",8922.96693262842,1,1,1,1010
"3614",3967.01653262842,2,1,1,910
"3615",11959.1667326284,1,3,1,1010
"3616",7445.74283262842,2,3,11,107
"3617",1594.34693262842,1,1,6,210
"3618",24036.5917326284,2,1,12,98
"3619",6107.77113262842,2,1,11,910
"3620",3509.90423262842,1,1,1,1010
"3621",20441.9067326284,2,3,1,57
"3622",8004.74773262842,1,1,1,107
"3623",4413.00703262842,1,1,1,1010
"3624",9760.07923262842,1,1,9,97
"3625",11128.8997326284,1,1,9,105
"3626",13297.1387326284,1,1,9,109
"3627",1422.98003262842,2,1,1,1010
"3628",17212.9357326284,1,3,1,107
"3629",3824.13323262842,1,1,9,109
"3630",2227.65353262842,2,1,1,1010
"3631",2316.85173262842,1,1,1,910
"3632",7320.27653262842,1,1,1,910
"3633",11638.6267326284,2,1,1,1010
"3634",5178.32683262842,2,1,1,1010
"3635",9292.14373262842,1,1,1,1010
"3636",6553.76193262842,1,1,1,1010
"3637",23843.9237326284,2,3,11,1010
"3638",1487.30923262842,1,1,1,910
"3639",5655.20473262842,1,1,1,99
"3640",19814.5470659618,1,1,6,97
"3641",14693.4397326284,1,1,1,107
"3642",6228.18863262842,1,1,1,1010
"3643",2183.05433262842,2,1,1,1010
"3644",2450.64883262842,2,1,1,105
"3645",3119.63473262842,1,1,1,1010
"3646",13127.6627326284,1,1,1,109
"3647",3508.01773262842,2,1,1,108
"3648",4547.69643262842,2,3,9,99
"3649",7873.69253262842,1,1,1,1010
"3650",5840.17693262842,1,1,1,109
"3651",10880.3437326284,2,2,1,109
"3652",1157.27613262842,1,1,1,97
"3653",9495.69843262842,2,3,1,98
"3654",3521.02603262842,2,1,1,1010
"3655",9265.38393262842,1,1,5,107
"3656",4145.41273262842,2,1,1,1010
"3657",5394.18623262842,1,1,1,1010
"3658",2299.01193262842,1,1,7,107
"3659",1826.26203262842,1,1,1,99
"3660",2807.44133262842,1,4,9,1010
"3661",3114.58093262842,1,3,7,107
"3662",17792.7240659618,2,4,9,107
"3663",18238.7147326284,1,1,1,910
"3664",3556.70523262842,1,1,1,1010
"3665",1640.91743262842,1,1,1,1010
"3666",2450.64883262842,1,1,1,1010
"3667",2432.80923262842,1,1,1,109
"3668",13555.8137326284,2,1,1,910
"3669",11251.5287326284,2,1,1,109
"3670",3190.99313262842,2,1,1,1010
"3671",2379.29023262842,2,1,4,109
"3672",5768.81853262842,1,1,1,1010
"3673",5738.32833262842,1,1,1,1010
"3674",2574.33973262842,2,3,4,99
"3675",9078.06853262842,2,1,11,107
"3676",2185.54363262842,2,1,1,1010
"3677",15589.5307326284,2,1,8,109
"3678",3949.17693262842,2,1,1,1010
"3679",2725.40643262842,1,1,1,1010
"3680",3734.02043262842,1,2,12,1010
"3681",2897.16843262842,2,1,1,108
"3682",1915.46013262842,1,3,9,107
"3683",1802.07793262842,1,1,1,1010
"3684",8316.48843262842,2,1,1,99
"3685",4136.49283262842,2,3,6,25
"3686",2897.16843262842,1,1,1,108
"3687",2334.94913262842,1,1,1,1010
"3688",4591.40353262842,2,1,1,98
"3689",9140.50703262842,2,1,1,1010
"3690",2382.35413262842,1,1,1,99
"3691",4413.00703262842,2,1,1,105
"3692",2539.84683262842,2,1,1,102
"3693",4145.41273262842,1,3,1,99
"3694",1201.87533262842,2,1,11,105
"3695",12902.4207326284,2,1,1,910
"3696",5336.16083262842,1,1,9,97
"3697",6744.86633262842,1,1,1,1010
"3698",1291.07343262842,2,1,12,68
"3699",3574.54483262842,1,1,1,1010
"3700",5929.37513262842,1,1,10,107
"3701",9489.77463262842,1,1,1,109
"3702",5125.35853262842,1,3,1,1010
"3703",1255.39413262842,1,1,9,98
"3704",14313.9977326284,2,1,6,55
"3705",3921.21283262842,2,1,1,1010
"3706",18122.7557326284,1,1,1,1010
"3707",5929.37513262842,1,1,8,1010
"3708",3075.03553262842,1,1,1,99
"3709",8105.80873262842,1,3,11,57
"3710",3164.23353262842,2,1,9,1010
"3711",4609.24283262842,2,1,1,1010
"3712",1165.31253262842,2,1,1,1010
"3713",3075.03553262842,2,1,1,97
"3714",4119.21453262842,1,1,10,58
"3715",12570.2537326284,2,3,6,97
"3716",8126.25313262842,1,3,7,107
"3717",3744.02143262842,1,3,9,98
"3718",1184.03573262842,1,1,11,108
"3719",5303.84543262842,1,1,11,102
"3720",8426.92203262842,1,1,1,85
"3721",9839.44943262842,2,1,9,95
"3722",12556.7937326284,1,3,1,99
"3723",7923.29163262842,1,1,5,105
"3724",9970.04873262842,2,3,1,97
"3725",4484.36593262842,1,2,8,1010
"3726",2914.66663262842,2,1,1,98
"3727",3859.97893262842,1,1,1,109
"3728",7490.34193262842,2,1,9,109
"3729",1192.95553262842,1,1,1,1010
"3730",15265.4440659618,1,4,9,45
"3731",11193.9217326284,2,1,4,910
"3732",8426.92203262842,2,1,5,109
"3733",9354.58223262842,1,1,1,99
"3734",6760.22233262842,2,1,5,99
"3735",4809.59193262842,1,1,1,99
"3736",17792.7227326284,2,1,11,29
"3737",1915.46013262842,2,1,1,109
"3738",11230.5667326284,2,1,1,109
"3739",1915.46013262842,1,1,1,109
"3740",2896.63933262842,2,1,12,107
"3741",27105.6077326284,2,1,1,1010
"3742",9497.29903262842,1,1,1,1010
"3743",1960.05913262842,2,1,6,109
"3744",6286.16763262842,1,1,1,1010
"3745",3485.34683262842,2,1,1,97
"3746",13303.0847326284,2,1,9,97
"3747",911.98143262842,1,1,10,108
"3748",2875.17813262842,1,1,1,910
"3749",7088.95033262842,2,1,1,108
"3750",1362.43183262842,1,1,1,1010
"3751",5574.69303262842,2,3,9,1010
"3752",2896.63933262842,2,1,1,1010
"3753",3075.03553262842,2,1,10,98
"3754",2240.66303262842,1,1,1,1010
"3755",4858.99773262842,2,1,1,1010
"3756",2349.47303262842,1,1,1,1010
"3757",11361.5397326284,2,3,1,99
"3758",5924.27943262842,1,1,1,99
"3759",4644.92203262842,2,1,7,107
"3760",3057.19593262842,2,3,1,99
"3761",16752.0783992951,2,1,11,22
"3762",10166.2857326284,1,1,1,910
"3763",1737.06393262842,2,1,1,108
"3764",7891.73353262842,1,1,1,1010
"3765",15562.7707326284,2,3,12,52
"3766",3859.97893262842,2,1,1,109
"3767",1201.87533262842,1,1,1,107
"3768",4339.75943262842,1,1,11,108
"3769",648.84697262842,2,1,1,1010
"3770",2076.01673262842,1,1,1,1010
"3771",5037.39373262842,2,1,1,107
"3772",6642.96013262842,2,1,1,97
"3773",3342.62983262842,1,1,1,109
"3774",2673.64393262842,1,1,1,99
"3775",1414.33923262842,1,1,1,109
"3776",3252.87393262842,2,1,1,910
"3777",5185.61543262842,1,1,8,98
"3778",5073.07343262842,1,1,1,1010
"3779",2204.40523262842,1,1,1,107
"3780",7202.86393262842,2,1,1,910
"3781",5750.97873262842,1,1,9,109
"3782",1291.07343262842,2,1,1,1010
"3783",1291.07343262842,2,1,1,98
"3784",15161.3787326284,1,1,4,910
"3785",27274.2517326284,1,1,9,109
"3786",14224.7997326284,2,4,10,97
"3787",2495.24773262842,1,1,1,910
"3788",1433.79033262842,2,1,1,99
"3789",3687.82663262842,2,1,5,107
"3790",11932.4077326284,1,1,1,102
"3791",4493.28533262842,1,1,1,1010
"3792",1184.23443262842,1,1,1,1010
"3793",2539.84683262842,1,3,1,109
"3794",14804.9597326284,1,1,1,108
"3795",10638.5427326284,1,1,6,105
"3796",1942.21953262842,2,1,6,108
"3797",7088.95033262842,1,1,9,104
"3798",3565.62513262842,1,1,1,99
"3799",5519.06363262842,1,1,1,1010
"3800",1210.79513262842,2,1,1,1010
"3801",12699.3427326284,2,1,1,105
"3802",7579.54023262842,1,1,1,1010
"3803",6732.15793262842,2,1,5,1010
"3804",24928.5727326284,1,1,6,99
"3805",5953.43233262842,2,1,1,1010
"3806",5181.96063262842,1,1,9,99
"3807",5953.72043262842,2,1,6,99
"3808",5483.38443262842,1,1,9,97
"3809",5456.62513262842,2,1,5,109
"3810",12565.7137326284,2,1,1,109
"3811",4769.79953262842,2,1,3,1010
"3812",13332.8187326284,2,1,5,97
"3813",4413.00703262842,1,1,10,95
"3814",4725.20033262842,1,3,9,97
"3815",6770.51333262842,1,1,1,1010
"3816",680.25066262842,1,1,1,108
"3817",7166.22963262842,1,1,12,78
"3818",3075.03553262842,1,1,4,99
"3819",11760.5873992951,1,1,1,108
"3820",4601.01533262842,1,1,1,1010
"3821",1603.26673262842,1,1,1,1010
"3822",4112.40933262842,1,1,6,98
"3823",2807.44133262842,1,1,1,105
"3824",4575.79363262842,1,1,6,59
"3825",14559.0627326284,1,1,1,108
"3826",3967.01653262842,1,1,1,1010
"3827",3351.54973262842,1,1,1,1010
"3828",4894.91373262842,2,1,1,1010
"3829",3592.38473262842,1,1,9,97
"3830",3574.54483262842,2,1,1,1010
"3831",8159.32733262842,2,3,1,109
"3832",934.28093262842,1,1,1,1010
"3833",22252.6287326284,2,4,9,73
"3834",3763.87763262842,1,1,1,910
"3835",7980.93133262842,1,3,9,1010
"3836",12012.6863992951,2,1,9,1010
"3837",7213.82783262842,2,3,10,99
"3838",3336.66353262842,1,1,1,99
"3839",2096.53193262842,1,1,1,1010
"3840",5394.18623262842,1,3,1,99
"3841",3353.13103262842,2,3,4,99
"3842",3913.49773262842,1,1,2,99
"3843",4234.61103262842,1,1,4,88
"3844",13117.4923992951,1,1,5,108
"3845",3284.66153262842,2,1,1,108
"3846",2673.64393262842,1,1,11,1010
"3847",10516.8277326284,1,1,1,108
"3848",4829.29603262842,2,1,1,99
"3849",5617.18183262842,2,1,1,1010
"3850",2771.76193262842,2,1,1,109
"3851",12716.2857326284,2,1,1,1010
"3852",5459.86883262842,2,1,4,28
"3853",3583.46473262842,1,1,5,105
"3854",7074.50893262842,2,3,4,108
"3855",488.29039262842,2,1,1,1010
"3856",2566.06833262842,1,3,1,99
"3857",1023.47903262842,1,1,1,1010
"3858",21137.6507326284,1,1,12,1010
"3859",20914.6567326284,2,1,1,109
"3860",360.42415262842,2,1,1,1010
"3861",1998.01823262842,1,1,9,108
"3862",2004.65813262842,1,1,1,1010
"3863",10656.8747326284,1,1,1,1010
"3864",2561.69673262842,1,1,1,1010
"3865",5304.98843262842,2,1,1,108
"3866",26266.5427326284,1,1,9,103
"3867",5644.77263262842,2,1,1,105
"3868",4413.00703262842,2,1,1,103
"3869",2743.21013262842,2,1,1,1010
"3870",3893.87423262842,1,1,1,95
"3871",3546.39763262842,1,1,1,1010
"3872",4226.19253262842,1,3,7,99
"3873",2225.74283262842,2,1,1,105
"3874",29566.8727326284,1,2,11,107
"3875",1275.24963262842,1,1,1,1010
"3876",2743.21013262842,1,1,1,106
"3877",7624.13933262842,1,1,1,97
"3878",3028.90153262842,1,1,1,1010
"3879",2273.11203262842,2,1,1,1010
"3880",5554.74283262842,1,1,1,1010
"3881",3146.39393262842,2,1,1,109
"3882",5278.22873262842,1,1,8,1010
"3883",10879.8707326284,1,1,1,1010
"3884",2004.65813262842,1,1,1,1010
"3885",1984.54123262842,2,1,1,108
"3886",5218.99673262842,1,1,1,1010
"3887",1273.23373262842,1,1,1,107
"3888",3520.00383262842,1,3,7,98
"3889",3410.27113262842,1,1,1,1010
"3890",4993.35023262842,1,1,2,99
"3891",1257.77263262842,1,1,1,109
"3892",6751.11343262842,2,1,1,106
"3893",3042.32973262842,1,1,1,1010
"3894",1882.53573262842,2,1,1,109
"3895",5054.61393262842,2,3,1,99
"3896",8872.91223262842,1,3,9,1010
"3897",3075.03553262842,1,1,1,103
"3898",2543.93763262842,1,1,1,105
"3899",11789.6907326284,2,1,1,1010
"3900",648.84697262842,2,1,1,109
"3901",22615.0667326284,1,1,8,1010
"3902",13297.1387326284,2,3,8,1010
"3903",5090.91273262842,2,1,1,1010
"3904",3967.01653262842,1,3,9,95
"3905",3663.74313262842,2,1,1,1010
"3906",2183.05433262842,2,3,10,77
"3907",1893.28773262842,2,3,1,99
"3908",4903.59683262842,1,1,1,108
"3909",20736.2617326284,2,1,6,109
"3910",8890.75213262842,1,3,9,1010
"3911",5966.75703262842,2,1,1,109
"3912",22698.6197326284,2,2,9,1010
"3913",1648.38273262842,2,1,1,1010
"3914",19871.0397326284,1,1,7,96
"3915",2700.97403262842,1,1,1,109
"3916",4190.01193262842,2,1,1,1010
"3917",8426.92203262842,1,1,11,910
"3918",9336.74233262842,1,1,6,109
"3919",16131.8547326284,2,1,1,1010
"3920",25909.7517326284,1,1,10,98
"3921",2985.83733262842,2,1,1,1010
"3922",3752.94113262842,2,1,1,1010
"3923",5334.00363262842,1,1,1,109
"3924",1692.46493262842,1,1,8,109
"3925",7387.76433262842,2,3,1,109
"3926",7864.97383262842,1,1,10,1010
"3927",5435.81213262842,1,1,1,1010
"3928",2932.31853262842,1,3,9,99
"3929",3476.42693262842,1,1,1,99
"3930",10371.4407326284,1,1,1,1010
"3931",2843.12053262842,1,1,1,1010
"3932",18597.1077326284,2,1,1,108
"3933",3301.84713262842,1,1,1,910
"3934",4056.21453262842,2,1,1,1010
"3935",4433.66473262842,1,3,3,99
"3936",1655.58693262842,2,1,7,109
"3937",6767.65643262842,2,1,1,1010
"3938",2789.60153262842,1,1,1,108
"3939",4566.95133262842,1,1,11,108
"3940",3568.32803262842,1,1,1,1010
"3941",6625.27943262842,1,1,9,108
"3942",5215.79023262842,1,1,12,1010
"3943",7847.13443262842,1,3,9,107
"3944",13255.4327326284,2,1,1,1010
"3945",2236.57343262842,2,1,7,109
"3946",1112.67713262842,1,1,10,109
"3947",1739.13503262842,1,1,1,99
"3948",8267.89663262842,1,1,1,1010
"3949",13065.2237326284,2,1,6,98
"3950",845.08281262842,2,3,1,77
"3951",5180.11103262842,1,1,1,1010
"3952",3521.02603262842,1,1,9,1010
"3953",3387.22893262842,1,4,9,107
"3954",5590.42203262842,1,1,1,1010
"3955",15083.7767326284,1,3,1,98
"3956",2700.40353262842,2,1,2,99
"3957",3850.16713262842,1,3,1,109
"3958",4983.87513262842,1,1,1,910
"3959",2882.37493262842,1,1,1,910
"3960",15277.1657326284,2,3,9,99
"3961",3574.75113262842,1,1,11,94
"3962",729.12529262842,1,1,8,910
"3963",10796.9477326284,2,1,7,1010
"3964",4279.21013262842,2,1,1,1010
"3965",22362.6977326284,2,4,11,42
"3966",11994.8467326284,1,3,11,109
"3967",5965.05433262842,1,1,1,1010
"3968",1986.81863262842,2,1,1,1010
"3969",511.69304262842,1,1,1,109
"3970",2629.04513262842,2,1,1,107
"3971",4805.47873262842,2,1,8,910
"3972",9347.58903262842,1,1,1,77
"3973",5073.32343262842,1,1,1,1010
"3974",13752.0487326284,2,1,1,1010
"3975",765.37566262842,1,1,11,77
"3976",3299.37493262842,2,1,1,1010
"3977",1647.86573262842,1,1,7,108
"3978",1936.29323262842,1,1,1,1010
"3979",2495.24773262842,2,1,1,109
"3980",5376.34683262842,1,3,1,22
"3981",1722.32033262842,2,1,1,1010
"3982",3628.06393262842,1,1,1,108
"3983",29163.2247326284,2,1,1,99
"3984",996.71963262842,1,1,1,54
"3985",13630.1447326284,1,4,11,49
"3986",6411.04463262842,1,3,5,99
"3987",5750.97873262842,2,1,7,1010
"3988",2361.45063262842,2,1,1,99
"3989",23293.2737326284,2,1,1,99
"3990",23137.4747326284,1,3,1,1010
"3991",809.40355262842,1,1,1,1010
"3992",5394.18623262842,2,3,1,1010
"3993",2371.40323262842,2,3,6,97
"3994",21360.6487326284,2,1,5,98
"3995",4413.00703262842,2,1,11,105
"3996",10969.0687326284,2,1,12,75
"3997",6910.55433262842,2,1,1,1010
"3998",2450.64883262842,1,1,1,1010
"3999",16150.7297326284,2,1,1,910
"4000",24928.5727326284,1,1,1,1010
"4001",2878.79973262842,2,1,1,1010
"4002",16900.7427326284,1,3,12,25
"4003",2807.90613262842,1,1,3,98
"4004",15053.8627326284,2,4,9,59
"4005",1835.18183262842,1,1,1,1010
"4006",2138.45553262842,2,1,1,1010
"4007",809.40355262842,1,1,1,1010
"4008",5037.39373262842,1,1,6,55
"4009",2323.58293262842,1,1,1,109
"4010",10364.3807326284,2,3,1,105
"4011",13689.6107326284,1,1,1,1010
"4012",16008.7607326284,2,1,1,109
"4013",3005.11683262842,2,1,1,1010
"4014",1867.49263262842,1,1,1,109
"4015",14728.2477326284,1,3,11,99
"4016",13511.2137326284,2,3,11,107
"4017",4413.00703262842,2,1,8,109
"4018",3969.07633262842,1,1,7,1010
"4019",25842.1467326284,1,1,1,1010
"4020",7534.94113262842,1,3,2,99
"4021",4830.14423262842,1,1,1,97
"4022",2469.79903262842,1,1,1,1010
"4023",1105.54133262842,1,1,11,29
"4024",3754.56043262842,2,1,1,107
"4025",15205.9787326284,2,1,11,22
"4026",10605.8927326284,2,3,1,99
"4027",4948.19593262842,2,1,7,48
"4028",1373.06203262842,1,1,1,59
"4029",4082.97433262842,1,1,7,106
"4030",13332.8187326284,1,3,10,1010
"4031",20914.6567326284,1,3,2,98
"4032",2013.57803262842,1,1,1,1010
"4033",2059.24043262842,1,1,9,105
"4034",9318.90353262842,2,1,9,92
"4035",8623.15833262842,1,1,1,1010
"4036",3681.58273262842,1,3,1,109
"4037",2664.48233262842,1,1,1,102
"4038",19321.3457326284,1,1,1,98
"4039",13662.8507326284,1,1,8,105
"4040",1701.38473262842,1,1,1,1010
"4041",6018.57293262842,2,1,8,105
"4042",2593.36563262842,1,1,1,1010
"4043",1567.58743262842,2,1,9,1010
"4044",6509.16273262842,1,1,1,107
"4045",3083.95523262842,1,1,12,1010
"4046",720.20549262842,1,1,4,1010
"4047",2988.97523262842,1,1,3,1010
"4048",978.87993262842,2,1,1,109
"4049",3764.32703262842,1,1,1,99
"4050",13930.4457326284,2,3,4,1010
"4051",1469.46953262842,2,1,1,107
"4052",3146.39393262842,1,2,8,710
"4053",7088.95033262842,2,1,1,1010
"4054",7717.78043262842,1,1,1,109
"4055",3916.58833262842,2,1,1,1010
"4056",16096.0477326284,1,1,11,55
"4057",19086.0957326284,1,2,7,109
"4058",1240.80023262842,1,1,1,1010
"4059",7088.95033262842,1,1,9,1010
"4060",3227.47403262842,1,1,1,1010
"4061",6910.55433262842,1,1,1,1010
"4062",16692.6133992951,1,1,11,105
"4063",2272.25263262842,2,1,1,109
"4064",7264.83123262842,2,3,9,99
"4065",5929.37513262842,2,1,9,105
"4066",978.87993262842,1,1,7,210
"4067",3971.47653262842,1,1,1,1010
"4068",3217.75263262842,1,3,1,910
"4069",25820.5527326284,2,1,1,1010
"4070",4064.25603262842,1,1,1,1010
"4071",1952.55313262842,1,1,1,1010
"4072",4075.52653262842,1,1,1,109
"4073",6375.36543262842,1,1,1,1010
"4074",4751.96013262842,2,4,11,102
"4075",17792.7227326284,1,1,5,109
"4076",4973.17103262842,2,3,1,99
"4077",1000.57953262842,1,3,1,109
"4078",15740.3797326284,1,1,1,1010
"4079",755.88469262842,2,1,1,910
"4080",9738.73843262842,2,3,5,99
"4081",2166.71233262842,1,1,1,108
"4082",10975.5827326284,2,1,1,109
"4083",17792.7240659618,1,1,8,98
"4084",6464.56363262842,2,1,1,1010
"4085",7980.11543262842,2,1,1,99
"4086",2807.44133262842,1,1,5,59
"4087",1344.76533262842,2,1,1,1010
"4088",1509.21523262842,2,1,1,910
"4089",2155.02503262842,1,1,1,1010
"4090",6286.16763262842,2,1,10,99
"4091",3984.85633262842,2,1,4,108
"4092",12282.8177326284,1,1,12,105
"4093",3063.46283262842,1,1,1,1010
"4094",2161.63763262842,1,1,5,108
"4095",7106.79023262842,1,1,1,1010
"4096",20903.0607326284,1,3,1,99
"4097",4948.19593262842,2,1,1,910
"4098",4323.80923262842,2,1,1,109
"4099",3292.67883262842,2,1,9,98
"4100",2522.00723262842,2,1,10,105
"4101",16481.5117326284,2,3,1,109
"4102",20468.6657326284,1,1,1,910
"4103",4413.00703262842,1,1,11,98
"4104",9109.03243262842,1,1,5,1010
"4105",4948.19593262842,1,3,3,109
"4106",11290.1817326284,2,1,2,103
"4107",15414.1070659618,1,1,7,99
"4108",907.52147262842,1,1,1,109
"4109",3146.39393262842,1,1,1,95
"4110",4257.83953262842,1,1,9,105
"4111",2816.36103262842,1,1,10,108
"4112",10832.2977326284,2,3,11,59
"4113",6749.99773262842,1,1,1,99
"4114",1647.86573262842,1,1,1,1010
"4115",1163.24233262842,1,1,2,1010
"4116",3877.81853262842,2,1,1,1010
"4117",3085.66493262842,2,1,1,1010
"4118",12440.8367326284,2,4,11,110
"4119",4894.85763262842,1,1,9,107
"4120",21858.9397326284,1,1,1,1010
"4121",6624.86543262842,1,1,1,1010
"4122",3596.03553262842,1,1,1,109
"4123",3877.81853262842,2,1,1,1010
"4124",2245.49313262842,1,1,1,1010
"4125",10510.8757326284,1,1,1,107
"4126",7802.53533262842,1,4,9,55
"4127",20441.9067326284,1,3,11,97
"4128",3601.30433262842,1,1,9,910
"4129",7088.95033262842,1,1,12,45
"4130",5224.71013262842,2,3,7,93
"4131",2414.96963262842,2,1,1,97
"4132",2985.83733262842,1,1,1,108
"4133",2807.44133262842,2,1,1,109
"4134",12262.4407326284,1,1,3,108
"4135",7356.54463262842,2,1,1,1010
"4136",13065.6967326284,2,1,1,108
"4137",2718.24313262842,1,1,1,109
"4138",2183.05433262842,1,1,1,1010
"4139",2235.05073262842,1,1,1,1010
"4140",2452.67083262842,1,1,1,97
"4141",5750.97873262842,2,1,1,1010
"4142",18982.0313992951,2,4,11,109
"4143",6196.96943262842,2,1,1,710
"4144",3788.62053262842,1,1,1,1010
"4145",1291.07343262842,2,1,9,1010
"4146",5028.47433262842,1,3,1,910
"4147",9318.90353262842,2,3,1,109
"4148",7445.74283262842,2,1,8,98
"4149",14176.7637326284,2,3,6,109
"4150",2941.23843262842,2,4,11,29
"4151",5545.82293262842,1,3,1,107
"4152",5505.68423262842,1,1,1,95
"4153",4158.89523262842,2,1,5,109
"4154",3119.63473262842,2,1,7,910
"4155",16657.9157326284,2,2,9,107
"4156",3071.31173262842,1,1,1,109
"4157",13332.8187326284,2,4,9,28
"4158",5197.95033262842,2,1,1,1010
"4159",2183.05433262842,1,1,1,1010
"4160",3842.13933262842,1,1,5,103
"4161",4181.29753262842,2,3,1,1010
"4162",2316.85173262842,2,1,1,109
"4163",4038.37513262842,1,3,1,106
"4164",1826.26203262842,2,1,1,108
"4165",16900.7427326284,1,1,9,28
"4166",3663.74313262842,1,1,1,1010
"4167",3012.18253262842,1,1,1,109
"4168",3717.26193262842,2,1,1,1010
"4169",1312.94703262842,1,1,1,109
"4170",6749.99773262842,1,1,1,610
"4171",17792.7227326284,2,1,10,910
"4172",2504.16763262842,1,1,1,109
"4173",17034.5397326284,2,1,1,109
"4174",19589.9437326284,1,1,1,109
"4175",7356.54463262842,2,1,4,98
"4176",13957.2057326284,1,3,9,23
"4177",9782.73353262842,1,1,1,109
"4178",3328.85073262842,1,1,6,109
"4179",800.48375262842,1,1,1,105
"4180",9628.21893262842,1,1,9,1010
"4181",20468.6657326284,1,1,1,1010
"4182",5085.77853262842,1,3,4,109
"4183",4407.15793262842,1,1,1,109
"4184",18434.6877326284,2,1,1,77
"4185",1036.95053262842,1,1,1,1010
"4186",4288.13003262842,1,1,1,1010
"4187",6143.45033262842,1,1,1,99
"4188",8649.91713262842,2,3,9,58
"4189",9690.81263262842,2,1,1,1010
"4190",15961.9197326284,1,1,1,1010
"4191",700.58189262842,2,1,5,109
"4192",10960.2397326284,2,1,10,910
"4193",11497.9517326284,1,1,8,105
"4194",3984.85633262842,2,3,1,99
"4195",5224.71013262842,2,3,1,1010
"4196",9854.04603262842,1,3,1,910
"4197",1935.04713262842,1,1,1,1010
"4198",11994.8467326284,1,1,1,107
"4199",3797.91303262842,1,1,1,1010
"4200",1991.50093262842,1,1,1,109
"4201",3752.78603262842,2,1,3,109
"4202",3342.62983262842,2,3,9,57
"4203",3258.53313262842,1,1,1,1010
"4204",1948.61343262842,2,1,1,99
"4205",4067.51193262842,1,1,1,1010
"4206",2858.89203262842,1,1,6,98
"4207",21858.9397326284,2,1,1,1010
"4208",1986.99123262842,1,1,1,77
"4209",1344.76533262842,1,1,1,105
"4210",5344.03973262842,1,1,1,1010
"4211",7366.82243262842,1,1,1,210
"4212",2718.24313262842,1,1,1,1010
"4213",2233.32803262842,1,1,1,1010
"4214",6226.40493262842,2,3,5,17
"4215",488.29039262842,2,1,1,105
"4216",4020.53553262842,1,1,1,108
"4217",5037.39373262842,1,2,9,107
"4218",1198.30733262842,2,1,1,1010
"4219",4238.97523262842,2,1,11,1010
"4220",2411.06093262842,1,1,6,106
"4221",4101.44113262842,2,1,1,1010
"4222",5403.10613262842,2,1,1,1010
"4223",4654.64083262842,1,3,1,910
"4224",1965.68713262842,1,1,1,1010
"4225",20779.9687326284,2,3,10,99
"4226",12139.4257326284,1,4,10,57
"4227",1737.06393262842,1,1,1,1010
"4228",3119.63473262842,1,1,1,108
"4229",6683.99093262842,1,1,1,99
"4230",2783.12493262842,1,1,3,1010
"4231",8640.99723262842,1,1,1,1010
"4232",1960.99573262842,2,3,1,99
"4233",2013.57803262842,2,1,1,1010
"4234",3859.97893262842,1,3,1,1010
"4235",6732.15793262842,1,1,6,97
"4236",547.11510262842,1,1,1,1010
"4237",528.93669262842,1,1,7,1010
"4238",1327.45353262842,2,1,1,1010
"4239",28341.5337326284,2,1,1,97
"4240",13802.5950659618,2,3,9,109
"4241",12756.6367326284,1,1,1,1010
"4242",6479.72723262842,1,1,1,99
"4243",24155.5210659618,1,4,12,47
"4244",5269.30923262842,2,1,1,98
"4245",4413.00703262842,2,1,8,99
"4246",2105.51553262842,2,1,12,102
"4247",5090.91273262842,1,1,9,1010
"4248",19041.4967326284,1,1,1,99
"4249",4591.40353262842,1,1,1,102
"4250",5579.83713262842,1,1,1,1010
"4251",12381.3713992951,2,1,9,108
"4252",1380.27153262842,2,1,7,94
"4253",711.28563262842,1,3,6,99
"4254",964.08813262842,1,1,1,1010
"4255",3577.72553262842,1,1,1,1010
"4256",4734.12033262842,2,1,1,910
"4257",9970.04873262842,1,3,9,108
"4258",3699.42233262842,2,1,12,107
"4259",3106.35323262842,1,1,3,93
"4260",9347.58903262842,2,1,1,77
"4261",1915.46013262842,1,1,1,910
"4262",4680.60173262842,2,1,12,28
"4263",8159.32733262842,2,1,1,1010
"4264",2604.24923262842,1,1,1,1010
"4265",5412.02603262842,2,1,9,109
"4266",9425.94063262842,2,1,8,99
"4267",8426.92203262842,1,1,1,1010
"4268",12247.5987326284,1,1,1,98
"4269",4609.24283262842,1,1,8,1010
"4270",8409.08223262842,2,1,9,910
"4271",12084.0437326284,2,1,1,105
"4272",1023.47903262842,1,1,1,1010
"4273",3306.95063262842,2,1,1,108
"4274",3075.03553262842,1,1,4,99
"4275",24387.4377326284,2,1,9,910
"4276",15589.5307326284,1,1,4,1010
"4277",3120.23013262842,2,1,1,910
"4278",14536.9927326284,1,1,8,98
"4279",1737.06393262842,2,1,12,103
"4280",1326.78243262842,1,1,1,1010
"4281",1869.96903262842,1,1,5,99
"4282",3259.71113262842,1,1,4,109
"4283",1251.82623262842,1,1,1,1010
"4284",20468.6667326284,2,4,11,45
"4285",1407.03093262842,1,1,1,1010
"4286",1291.07343262842,1,1,1,1010
"4287",9076.50603262842,2,1,9,95
"4288",3699.42233262842,1,3,1,99
"4289",1831.46583262842,1,1,1,1010
"4290",3967.01653262842,2,3,1,107
"4291",2198.09293262842,2,1,6,58
"4292",14644.0307326284,1,3,11,99
"4293",4858.99773262842,1,1,1,1010
"4294",21360.6473992951,2,2,11,23
"4295",5600.97673262842,1,1,1,1010
"4296",7534.94113262842,2,1,1,1010
"4297",2639.38883262842,1,1,1,1010
"4298",10474.4907326284,1,1,1,105
"4299",6714.31853262842,1,1,1,105
"4300",3967.01653262842,2,1,1,1010
"4301",4948.19593262842,2,1,1,1010
"4302",9086.98843262842,1,1,9,1010
"4303",9095.90833262842,1,1,6,97
"4304",6679.66963262842,1,1,1,109
"4305",1965.68713262842,2,1,1,109
"4306",1255.39413262842,2,1,1,109
"4307",1505.14883262842,1,1,1,1010
"4308",4506.50363262842,1,1,1,1010
"4309",11235.7707326284,1,1,7,98
"4310",5973.97433262842,1,3,8,99
"4311",5394.18623262842,2,1,1,1010
"4312",1647.86573262842,1,1,1,1010
"4313",1201.87533262842,2,1,1,1010
"4314",2364.27163262842,1,1,6,1010
"4315",13710.8687326284,1,2,9,92
"4316",5104.10273262842,1,1,1,1010
"4317",2376.77633262842,1,1,1,105
"4318",14554.8317326284,1,1,6,1010
"4319",4685.41133262842,1,1,1,1010
"4320",499.84618262842,1,1,1,1010
"4321",4163.25263262842,1,1,1,1010
"4322",8872.91223262842,2,1,1,27
"4323",10603.3727326284,1,1,1,97
"4324",2420.89593262842,2,1,1,1010
"4325",3253.43183262842,2,1,3,105
"4326",4002.94893262842,2,1,8,1010
"4327",12440.8367326284,1,3,9,95
"4328",5697.46013262842,1,1,6,99
"4329",4894.67693262842,2,1,1,99
"4330",1781.66303262842,2,1,1,1010
"4331",2941.23843262842,1,4,11,57
"4332",9318.90353262842,1,1,1,1010
"4333",6906.70523262842,1,3,4,99
"4334",5572.58273262842,1,3,11,98
"4335",4154.21163262842,2,1,1,1010
"4336",3744.02143262842,1,1,1,1010
"4337",2450.64883262842,2,1,1,910
"4338",12343.6117326284,1,1,1,109
"4339",15017.1537326284,1,1,1,99
"4340",7011.17883262842,2,1,1,98
"4341",3815.37983262842,1,1,1,109
"4342",4814.39863262842,2,1,1,109
"4343",2816.36103262842,1,1,1,910
"4344",1647.86573262842,1,1,1,109
"4345",6821.35613262842,1,1,1,1010
"4346",5750.97873262842,2,3,1,107
"4347",2588.47043262842,1,1,1,108
"4348",3066.19423262842,1,3,11,1010
"4349",7106.79023262842,1,1,8,95
"4350",7324.38983262842,2,1,1,1010
"4351",5929.37513262842,2,1,1,910
"4352",11281.2617326284,1,1,1,109
"4353",2394.51483262842,2,1,1,1010
"4354",3978.09413262842,1,1,11,97
"4355",11994.8467326284,1,1,1,109
"4356",20914.6567326284,2,1,9,98
"4357",856.49480262842,1,1,1,310
"4358",1279.42703262842,2,1,12,97
"4359",3119.63473262842,2,1,1,99
"4360",29633.7407326284,1,4,9,16
"4361",6196.96943262842,1,1,1,109
"4362",12708.4307326284,2,3,9,98
"4363",1599.61483262842,2,1,6,1010
"4364",845.08281262842,2,1,1,109
"4365",19095.0157326284,1,1,1,1010
"4366",2481.79993262842,1,1,1,1010
"4367",6319.69013262842,1,1,8,107
"4368",952.37450262842,2,1,1,98
"4369",11102.8647326284,1,1,9,95
"4370",3717.26193262842,2,1,1,99
"4371",840.73082262842,2,1,1,108
"4372",9693.53533262842,1,1,9,1010
"4373",15205.9787326284,1,1,9,77
"4374",11548.8557326284,1,1,3,1010
"4375",3806.46013262842,1,1,3,99
"4376",4433.66473262842,1,3,3,99
"4377",8203.92693262842,1,1,5,98
"4378",5594.94983262842,1,1,1,1010
"4379",4813.35713262842,2,1,1,99
"4380",6323.02893262842,1,1,1,910
"4381",3744.02143262842,1,3,1,1010
"4382",9427.13103262842,2,1,1,98
"4383",2539.84683262842,2,1,1,1010
"4384",2772.21133262842,1,1,1,1010
"4385",1665.70533262842,1,1,8,108
"4386",4636.00263262842,1,3,8,98
"4387",2673.64393262842,1,1,1,910
"4388",4161.70083262842,1,1,10,84
"4389",4707.36103262842,1,3,1,105
"4390",20468.6667326284,2,3,9,77
"4391",1157.27613262842,1,1,1,1010
"4392",5061.58173262842,1,1,3,109
"4393",5750.97873262842,1,1,7,910
"4394",4932.14033262842,2,1,1,1010
"4395",3033.01703262842,1,1,1,1010
"4396",20998.5037326284,2,3,11,97
"4397",3075.03553262842,2,1,3,52
"4398",4439.76673262842,1,1,1,1010
"4399",9019.05093262842,1,1,1,1010
"4400",7891.73353262842,1,1,1,1010
"4401",3091.92273262842,1,1,1,1010
"4402",13770.6380659618,1,1,1,1010
"4403",16008.7607326284,2,1,1,1010
"4404",13462.1557326284,1,1,1,1010
"4405",2004.65813262842,1,3,1,109
"4406",2138.45553262842,1,1,11,1010
"4407",6642.96013262842,2,1,1,1010
"4408",622.08757262842,2,1,1,910
"4409",16603.4153992951,1,1,11,27
"4410",855.25298262842,1,1,1,910
"4411",4267.55093262842,2,1,1,105
"4412",9690.81263262842,1,1,4,92
"4413",666.68663262842,1,1,1,99
"4414",4170.89523262842,1,1,7,49
"4415",4585.82483262842,1,3,1,99
"4416",1630.02613262842,1,1,9,58
"4417",20002.1387326284,1,1,1,107
"4418",27158.5257326284,1,4,11,28
"4419",6339.68623262842,2,1,1,1010
"4420",3977.72043262842,1,3,1,93
"4421",10032.4887326284,1,1,1,910
"4422",2333.99793262842,1,1,10,87
"4423",1977.39593262842,1,1,1,1010
"4424",18765.5957326284,1,2,6,105
"4425",2860.96013262842,1,1,1,107
"4426",5438.78533262842,1,1,7,97
"4427",2004.65813262842,2,1,1,99
"4428",4045.96213262842,2,1,1,98
"4429",9631.09683262842,1,1,1,107
"4430",2050.87513262842,1,1,1,109
"4431",1662.55133262842,1,1,1,1010
"4432",1737.06393262842,1,1,3,98
"4433",10187.6927326284,1,3,9,99
"4434",1273.23373262842,1,1,1,109
"4435",2227.65353262842,2,3,1,109
"4436",3075.03553262842,1,1,9,105
"4437",6018.57293262842,2,1,9,1010
"4438",4145.41273262842,1,1,1,910
"4439",19326.9317326284,2,1,1,910
"4440",10264.4037326284,1,2,9,1010
"4441",4751.96013262842,2,1,1,510
"4442",6099.90203262842,2,1,1,1010
"4443",1313.70223262842,1,1,1,1010
"4444",1997.22513262842,1,1,4,78
"4445",13912.6057326284,1,1,2,109
"4446",17792.7227326284,1,1,3,99
"4447",2049.25723262842,1,1,10,109
"4448",4975.49823262842,1,1,1,1010
"4449",3164.23353262842,2,3,10,107
"4450",20022.6757326284,2,1,9,1010
"4451",10446.6247326284,2,1,9,95
"4452",5574.69303262842,1,3,9,1010
"4453",1737.06393262842,1,3,7,99
"4454",2584.44593262842,1,1,1,99
"4455",3916.58833262842,1,1,3,108
"4456",3075.03553262842,1,1,1,1010
"4457",5171.19113262842,2,1,1,1010
"4458",3984.85633262842,1,1,1,108
"4459",1487.30923262842,1,1,1,99
"4460",2932.31853262842,1,1,1,1010
"4461",4533.11393262842,1,1,1,1010
"4462",7534.94113262842,1,1,3,95
"4463",1201.87533262842,1,1,4,97
"4464",1692.46493262842,2,1,1,99
"4465",3317.90713262842,2,1,1,99
"4466",7160.30873262842,1,1,1,99
"4467",1647.86573262842,1,1,1,97
"4468",7088.95033262842,2,1,1,107
"4469",6642.96013262842,2,1,1,1010
"4470",3967.01653262842,2,1,8,77
"4471",20002.1387326284,1,1,1,1010
"4472",4718.79023262842,2,1,1,1010
"4473",23307.4820659618,1,4,9,105
"4474",2679.43573262842,1,1,1,1010
"4475",3048.27603262842,1,1,1,1010
"4476",2249.12123262842,1,1,1,1010
"4477",13899.9597326284,1,1,1,1010
"4478",11299.1007326284,1,1,1,1010
"4479",9481.51873262842,1,1,1,1010
"4480",3628.06393262842,2,1,1,1010
"4481",916.44133262842,1,1,1,1010
"4482",2174.86053262842,1,1,1,1010
"4483",19326.9317326284,1,1,1,1010
"4484",2281.17233262842,2,1,1,1010
"4485",4387.92403262842,1,1,1,107
"4486",3967.01653262842,1,3,1,97
"4487",26424.6937326284,1,4,11,92
"4488",12851.1487326284,2,1,1,1010
"4489",2837.28333262842,1,1,1,910
"4490",4823.31853262842,1,1,1,1010
"4491",4398.74283262842,2,1,1,98
"4492",8519.91523262842,2,1,7,105
"4493",2896.63933262842,1,3,4,99
"4494",5260.38933262842,1,1,1,108
"4495",1776.91753262842,1,1,1,108
"4496",9693.53533262842,1,1,1,1010
"4497",5661.78093262842,1,1,1,108
"4498",4930.35613262842,1,1,5,105
"4499",4413.00703262842,1,1,5,1010
"4500",10894.7477326284,1,1,5,95
"4501",10210.8837326284,1,3,9,98
"4502",4234.61103262842,1,1,12,210
"4503",5527.98353262842,1,1,1,108
"4504",3467.90663262842,2,3,1,1010
"4505",2138.45553262842,2,1,1,98
"4506",7356.54463262842,1,1,4,97
"4507",3402.07903262842,1,3,1,107
"4508",4011.61563262842,2,1,9,25
"4509",11661.8400659618,1,1,1,99
"4510",3797.54023262842,2,1,5,99
"4511",1692.46493262842,1,1,6,108
"4512",2426.18303262842,1,1,9,97
"4513",15949.2957326284,1,4,11,47
"4514",7507.28973262842,1,1,1,1010
"4515",1291.07343262842,1,1,1,1010
"4516",2556.75263262842,1,1,1,107
"4517",17792.7227326284,1,1,8,98
"4518",2629.04513262842,1,1,1,109
"4519",7088.95033262842,1,1,1,97
"4520",2165.21473262842,1,1,9,109
"4521",10986.1867326284,1,1,1,1010
"4522",4547.69643262842,1,3,8,97
"4523",12262.4407326284,2,1,9,1010
"4524",2093.85633262842,1,1,8,93
"4525",1291.07343262842,2,1,1,108
"4526",1023.47903262842,2,1,1,109
"4527",2004.65813262842,1,1,7,28
"4528",1937.69693262842,1,1,6,109
"4529",23387.6407326284,1,1,3,1010
"4530",2299.01193262842,1,1,6,108
"4531",3146.39393262842,1,1,9,910
"4532",3075.03553262842,1,1,10,98
"4533",7287.63933262842,1,1,1,108
"4534",479.15569262842,1,1,1,910
"4535",4609.24283262842,2,1,1,910
"4536",17002.7147326284,2,1,10,78
"4537",1005.63943262842,1,1,1,97
"4538",10463.6120659618,2,4,7,23
"4539",13992.8837326284,1,1,1,109
"4540",24036.5917326284,2,1,10,28
"4541",9961.12873262842,2,1,1,107
"4542",6553.76193262842,2,3,1,1010
"4543",10656.8747326284,1,1,1,910
"4544",2294.52063262842,2,1,1,109
"4545",9996.80873262842,2,1,1,1010
"4546",6196.96943262842,1,1,1,98
"4547",2755.43893262842,2,1,1,103
"4548",3253.43183262842,1,1,2,108
"4549",9363.50213262842,2,1,11,95
"4550",13912.6057326284,2,1,11,109
"4551",1291.07343262842,2,1,12,25
"4552",9274.30383262842,1,1,1,1010
"4553",4888.13053262842,2,1,1,108
"4554",3431.82803262842,2,1,1,1010
"4555",4181.09193262842,2,1,7,1010
"4556",19576.6857326284,2,4,9,109
"4557",6642.96013262842,1,1,1,910
"4558",6422.08853262842,2,1,5,109
"4559",2361.45063262842,2,1,4,97
"4560",17079.1387326284,2,2,10,88
"4561",5953.72043262842,1,1,1,99
"4562",4805.41373262842,2,1,1,910
"4563",10460.6387326284,1,1,11,109
"4564",5483.38443262842,1,1,1,103
"4565",1933.29973262842,1,1,6,58
"4566",2807.44133262842,2,1,3,109
"4567",2361.45063262842,1,1,1,1010
"4568",29834.4687326284,2,1,11,59
"4569",17489.4497326284,1,1,1,1010
"4570",1538.89833262842,1,1,1,1010
"4571",5108.75263262842,1,1,1,1010
"4572",1005.63943262842,2,1,8,1010
"4573",4076.61633262842,1,1,12,108
"4574",1737.06393262842,1,1,1,97
"4575",10879.8707326284,2,1,1,108
"4576",2988.46113262842,1,1,1,105
"4577",425.85170262842,1,1,1,1010
"4578",2629.04513262842,2,1,1,109
"4579",5496.86053262842,1,1,1,1010
"4580",7652.88643262842,1,1,8,95
"4581",18684.7057326284,2,1,1,109
"4582",11834.2897326284,1,1,1,97
"4583",18212.1567326284,2,1,1,910
"4584",9080.91323262842,1,1,1,99
"4585",720.20549262842,1,1,1,1010
"4586",4969.93373262842,2,1,1,108
"4587",668.82628262842,2,1,7,1010
"4588",6182.98353262842,2,1,1,95
"4589",13600.4127326284,1,3,1,107
"4590",1059.79543262842,2,1,1,105
"4591",3396.14883262842,2,1,1,1010
"4592",1415.95073262842,2,1,1,1010
"4593",8007.69113262842,2,1,11,99
"4594",11522.7897326284,1,1,8,55
"4595",4524.58953262842,1,1,1,1010
"4596",1308.91303262842,1,1,10,1010
"4597",2807.44133262842,2,1,1,99
"4598",3833.21943262842,1,1,12,78
"4599",1974.11093262842,2,1,1,1010
"4600",12292.1733992951,2,4,11,37
"4601",5453.27993262842,2,1,1,1010
"4602",4279.21013262842,2,1,1,1010
"4603",8382.32343262842,2,3,9,49
"4604",274.21492262842,2,1,5,95
"4605",22698.6197326284,1,3,2,98
"4606",17860.3593992951,1,4,12,29
"4607",4423.55583262842,1,1,7,109
"4608",20980.9587326284,1,1,1,1010
"4609",1870.86113262842,2,1,8,1010
"4610",16948.8697326284,1,1,9,108
"4611",6241.56853262842,1,1,9,103
"4612",4716.28093262842,2,1,1,108
"4613",4270.02803262842,2,1,8,1010
"4614",1059.15823262842,1,1,1,1010
"4615",4270.29023262842,1,3,9,107
"4616",7190.63643262842,2,1,1,108
"4617",13213.0917326284,1,1,1,1010
"4618",2361.45063262842,1,1,1,1010
"4619",23144.6097326284,1,4,11,59
"4620",4751.96013262842,1,3,1,1010
"4621",630.37028262842,2,1,1,109
"4622",7152.89323262842,1,1,1,108
"4623",2074.23283262842,2,1,1,97
"4624",17198.0690659618,1,1,9,108
"4625",416.93190262842,1,1,5,1010
"4626",1096.03653262842,1,1,2,98
"4627",3013.48893262842,1,1,1,1010
"4628",1777.67993262842,1,1,1,1010
"4629",4591.40353262842,1,1,1,98
"4630",4982.88393262842,2,1,1,910
"4631",1630.02613262842,1,1,1,1010
"4632",12951.1007326284,1,1,9,25
"4633",399.09227262842,2,1,1,1010
"4634",13151.9807326284,2,4,9,109
"4635",17495.3960659618,2,4,6,37
"4636",859.79979262842,1,1,1,107
"4637",5697.46013262842,1,3,11,109
"4638",4948.19593262842,2,1,1,1010
"4639",20361.6287326284,2,1,1,109
"4640",3300.15253262842,1,1,1,710
"4641",1763.82333262842,2,1,1,108
"4642",4769.79953262842,2,1,1,1010
"4643",3535.96013262842,1,1,1,1010
"4644",2093.85633262842,1,1,1,1010
"4645",7160.30873262842,2,1,1,103
"4646",27426.1197326284,1,1,9,98
"4647",2052.89343262842,1,3,8,1010
"4648",4145.41273262842,2,1,1,910
"4649",17454.9357326284,1,2,8,107
"4650",936.02135262842,2,1,9,105
"4651",3931.33733262842,1,1,1,1010
"4652",4116.45423262842,2,1,9,105
"4653",2878.79973262842,1,1,1,1010
"4654",3966.55923262842,1,1,1,1010
"4655",1951.13933262842,1,1,10,1010
"4656",2485.20033262842,1,1,11,97
"4657",9443.78043262842,1,1,1,109
"4658",5738.32833262842,2,1,1,1010
"4659",13778.8087326284,1,1,9,1010
"4660",5144.16423262842,1,1,1,106
"4661",2975.95063262842,1,1,1,99
"4662",3699.42233262842,1,1,12,105
"4663",8426.92203262842,1,1,1,98
"4664",2539.84683262842,1,1,1,1010
"4665",24363.6510659618,2,4,7,99
"4666",13181.1807326284,1,4,10,108
"4667",532.88945262842,1,1,1,1010
"4668",9782.73353262842,2,1,4,108
"4669",2406.04973262842,1,1,1,99
"4670",5809.25263262842,1,1,1,105
"4671",8623.15833262842,2,1,7,910
"4672",5572.58273262842,1,1,1,1010
"4673",2985.83733262842,1,1,1,1010
"4674",6463.84053262842,2,1,1,105
"4675",2520.20773262842,1,1,1,109
"4676",2896.63933262842,1,1,1,99
"4677",4912.51673262842,1,1,3,1010
"4678",5737.22623262842,2,1,6,99
"4679",3779.68503262842,1,1,1,79
"4680",1171.13313262842,1,1,1,1010
"4681",8382.32343262842,1,3,5,97
"4682",12053.2547326284,1,1,9,1010
"4683",8209.48743262842,2,1,9,72
"4684",4011.61563262842,2,1,1,1010
"4685",1352.50283262842,2,1,1,98
"4686",15053.8627326284,1,4,1,109
"4687",3847.34123262842,1,1,1,109
"4688",8783.71403262842,2,1,2,107
"4689",1112.67713262842,1,1,1,1010
"4690",3984.41153262842,1,1,1,1010
"4691",3030.43643262842,1,1,1,109
"4692",6411.04463262842,2,3,1,99
"4693",3026.19813262842,2,1,1,1010
"4694",4769.79953262842,1,1,1,109
"4695",8323.73353262842,1,3,8,98
"4696",2718.24313262842,1,1,1,1010
"4697",1424.87053262842,2,1,5,97
"4698",4234.61103262842,1,1,1,1010
"4699",3457.06463262842,1,1,1,1010
"4700",3164.23353262842,2,1,1,1010
"4701",2272.25263262842,2,1,1,107
"4702",2208.99703262842,1,1,1,1010
"4703",15116.7807326284,2,1,7,1010
"4704",3190.99313262842,2,1,3,1010
"4705",3922.41763262842,2,1,1,99
"4706",4858.99773262842,1,1,1,910
"4707",1436.54403262842,2,1,8,1010
"4708",6964.07293262842,2,1,5,108
"4709",7186.91473262842,2,3,10,109
"4710",3987.73993262842,1,1,8,109
"4711",4239.38003262842,1,1,8,97
"4712",2183.05433262842,2,1,1,109
"4713",1696.45913262842,1,1,1,97
"4714",5304.98843262842,1,2,8,107
"4715",15612.0147326284,1,1,1,109
"4716",4234.61103262842,1,3,6,17
"4717",2272.25263262842,1,1,5,98
"4718",19457.7553992951,2,1,8,97
"4719",5336.20773262842,2,1,1,1010
"4720",27604.5157326284,1,1,9,95
"4721",7477.69643262842,2,3,9,109
"4722",773.72435262842,1,1,5,107
"4723",3967.01653262842,2,1,6,1010
"4724",10835.2707326284,1,2,8,77
"4725",4037.60243262842,2,1,1,1010
"4726",2593.36563262842,1,1,1,1010
"4727",6316.49483262842,2,1,7,107
"4728",5003.28383262842,2,1,9,108
"4729",9764.89373262842,2,1,1,105
"4730",1855.90333262842,2,1,1,99
"4731",2616.94863262842,1,1,11,109
"4732",4537.88443262842,2,1,1,109
"4733",10600.9167326284,1,2,12,1010
"4734",3030.43643262842,1,1,4,98
"4735",10924.4687326284,2,1,1,108
"4736",7891.73353262842,1,1,1,1010
"4737",18149.5157326284,1,2,11,58
"4738",6679.66963262842,2,1,1,1010
"4739",10027.8627326284,2,1,11,109
"4740",4305.96943262842,1,1,1,1010
"4741",5138.43763262842,2,1,7,108
"4742",18716.8167326284,2,3,1,99
"4743",8421.20233262842,1,1,1,1010
"4744",3719.49533262842,1,1,1,1010
"4745",934.28093262842,2,3,1,95
"4746",3003.67713262842,1,1,6,98
"4747",2898.88223262842,1,1,1,1010
"4748",7088.95033262842,1,1,1,1010
"4749",18476.5757326284,2,1,1,1010
"4750",9640.01673262842,1,1,9,58
"4751",2909.76673262842,1,1,1,1010
"4752",4465.96943262842,1,1,1,109
"4753",1023.47903262842,1,1,10,1010
"4754",5322.82783262842,2,1,1,109
"4755",9515.13883262842,2,3,1,109
"4756",4887.54123262842,2,3,9,97
"4757",4413.00703262842,2,1,2,109
"4758",2183.05433262842,2,1,5,99
"4759",8205.41323262842,2,1,1,22
"4760",22579.6877326284,1,4,9,47
"4761",934.28093262842,1,1,1,1010
"4762",10151.4187326284,2,1,6,107
"4763",5590.31213262842,1,1,1,109
"4764",26554.6057326284,2,1,9,77
"4765",4145.41273262842,1,3,1,107
"4766",3320.75263262842,1,1,1,1010
"4767",1398.11113262842,1,1,1,1010
"4768",5893.69593262842,1,1,1,95
"4769",1469.46953262842,2,1,1,1010
"4770",5752.69113262842,2,1,4,109
"4771",1721.69643262842,1,1,1,107
"4772",6910.55433262842,1,1,1,95
"4773",3693.82093262842,1,1,1,1010
"4774",4288.13003262842,2,1,1,1010
"4775",1834.40093262842,2,1,1,1010
"4776",5585.54603262842,1,3,8,99
"4777",5751.65053262842,2,1,1,1010
"4778",1870.79843262842,1,1,9,99
"4779",5220.25013262842,2,1,1,108
"4780",13332.8187326284,1,1,12,97
"4781",7757.93623262842,1,1,1,109
"4782",1148.35633262842,1,1,1,109
"4783",9372.42203262842,2,3,1,59
"4784",5840.17693262842,2,1,8,28
"4785",1005.63943262842,1,3,1,1010
"4786",8195.00703262842,2,1,1,98
"4787",1737.06393262842,2,1,10,97
"4788",3913.49773262842,1,1,1,1010
"4789",25820.5527326284,1,1,9,109
"4790",9510.41623262842,1,1,1,1010
"4791",15295.1767326284,1,1,5,107
"4792",3101.79513262842,1,1,1,1010
"4793",4858.99773262842,1,1,1,109
"4794",5304.98843262842,2,1,9,910
"4795",6665.23993262842,1,1,1,1010
"4796",6802.04413262842,1,1,1,1010
"4797",3150.94693262842,1,1,1,105
"4798",12619.2337326284,2,1,9,107
"4799",2852.04023262842,1,1,1,1010
"4800",2158.88613262842,1,1,5,107
"4801",8694.51673262842,1,1,1,97
"4802",14700.5223992951,1,4,11,108
"4803",2843.12053262842,1,3,1,99
"4804",4067.17793262842,2,1,1,1010
"4805",6999.75213262842,1,1,1,109
"4806",8760.15643262842,2,1,1,1010
"4807",4475.77553262842,2,1,11,98
"4808",11548.8557326284,1,1,9,1010
"4809",2611.20553262842,1,1,1,97
"4810",5123.27363262842,1,3,5,1010
"4811",1459.10073262842,2,1,3,1010
"4812",1041.31863262842,1,1,1,1010
"4813",17435.9317326284,1,3,1,1010
"4814",3809.56853262842,2,1,1,1010
"4815",4948.19593262842,1,1,6,106
"4816",3114.34393262842,2,1,1,109
"4817",4234.61103262842,1,1,9,105
"4818",8872.91223262842,2,1,1,1010
"4819",9277.56753262842,1,1,1,98
"4820",3086.34583262842,2,1,1,1010
"4821",1558.66763262842,1,1,1,510
"4822",3235.59223262842,1,1,1,1010
"4823",16633.1487326284,1,3,8,47
"4824",3663.32313262842,1,1,1,1010
"4825",5965.05433262842,1,1,1,1010
"4826",2062.97743262842,2,1,1,1010
"4827",3271.27143262842,2,1,1,910
"4828",7088.95033262842,2,1,1,109
"4829",10656.8747326284,1,4,9,39
"4830",3610.22433262842,2,1,1,1010
"4831",924.43962262842,2,1,1,1010
"4832",5019.55433262842,1,1,1,109
"4833",3758.88813262842,1,1,1,1010
"4834",7624.13933262842,2,1,1,107
"4835",17926.5217326284,2,1,9,1010
"4836",11058.2667326284,2,1,1,108
"4837",7307.63053262842,2,1,5,109
"4838",2000.43353262842,1,1,1,1010
"4839",1728.14413262842,1,1,1,1010
"4840",5982.89373262842,1,2,1,97
"4841",9104.82733262842,1,1,11,27
"4842",7320.86543262842,2,3,11,98
"4843",10876.8973992951,1,1,5,99
"4844",2900.73573262842,1,1,1,97
"4845",3431.82803262842,2,1,1,105
"4846",2076.01673262842,1,1,1,109
"4847",7677.65793262842,1,1,2,108
"4848",3092.97353262842,1,3,1,109
"4849",5224.71013262842,1,1,1,95
"4850",22074.2327326284,2,1,1,107
"4851",5750.97873262842,2,1,1,1010
"4852",3929.13103262842,2,1,1,1010
"4853",2272.25263262842,1,1,1,99
"4854",14331.8367326284,1,1,4,107
"4855",9693.53533262842,2,1,1,1010
"4856",10888.7897326284,1,2,1,1010
"4857",1759.55433262842,1,1,1,910
"4858",6826.40303262842,1,1,1,1010
"4859",1977.19673262842,2,1,1,97
"4860",3030.43643262842,2,1,4,109
"4861",3921.21283262842,1,1,1,1010
"4862",6598.36103262842,2,1,1,98
"4863",4328.15003262842,1,1,1,1010
"4864",1754.90353262842,1,1,1,1010
"4865",6158.52653262842,1,1,1,105
"4866",3554.36023262842,2,1,1,1010
"4867",2076.01673262842,2,1,1,1010
"4868",9943.29023262842,1,3,6,98
"4869",20002.1387326284,1,1,1,107
"4870",1175.11573262842,1,1,1,1010
"4871",5801.52413262842,2,1,1,95
"4872",1558.66763262842,1,3,1,105
"4873",8690.53043262842,1,1,1,109
"4874",8293.12513262842,2,1,4,108
"4875",9292.14373262842,2,1,1,98
"4876",1558.66763262842,2,1,1,1010
"4877",12794.9537326284,1,1,9,79
"4878",15964.1627326284,2,1,1,108
"4879",16131.8547326284,1,1,1,1010
"4880",6785.67693262842,1,1,1,99
"4881",4413.00703262842,1,1,1,1010
"4882",764.80455262842,1,1,1,1010
"4883",6286.27313262842,2,1,11,107
"4884",13717.4487326284,2,2,10,98
"4885",3788.62053262842,2,1,9,109
"4886",24036.5917326284,1,1,1,99
"4887",8872.91223262842,2,1,11,27
"4888",898.60167262842,1,1,9,99
"4889",3253.43183262842,2,1,6,510
"4890",6327.61443262842,1,3,1,99
"4891",9941.92013262842,2,1,1,105
"4892",2522.00723262842,1,1,1,1010
"4893",6215.75363262842,1,1,1,109
"4894",9318.90353262842,2,1,1,109
"4895",6463.84053262842,1,1,1,105
"4896",3265.70013262842,1,1,1,1010
"4897",2147.37513262842,1,1,1,1010
"4898",27158.5257326284,1,1,12,210
"4899",15448.7367326284,2,3,9,97
"4900",6072.09193262842,1,1,1,1010
"4901",8098.01873262842,1,1,4,98
"4902",3681.28383262842,1,1,8,98
"4903",24689.5217326284,1,3,9,98
"4904",10924.4687326284,1,4,9,108
"4905",1888.70073262842,1,1,1,910
"4906",2910.01893262842,1,1,1,108
"4907",6276.95723262842,1,3,1,97
"4908",5171.19113262842,2,1,1,108
"4909",1273.23373262842,1,1,1,910
"4910",3351.54973262842,1,3,1,99
"4911",15449.4007326284,2,3,4,109
"4912",12619.2337326284,2,1,1,1010
"4913",5412.02603262842,1,1,1,910
"4914",1977.89883262842,1,1,3,910
"4915",11846.1823992951,1,3,9,107
"4916",4100.81363262842,1,1,1,510
"4917",4630.19693262842,1,1,1,109
"4918",9840.99333262842,1,1,1,910
"4919",3039.35633262842,2,3,10,98
"4920",5304.98843262842,2,1,6,109
"4921",1335.67243262842,1,1,1,1010
"4922",1782.05023262842,1,1,1,1010
"4923",5084.18673262842,1,1,1,1010
"4924",4636.00263262842,2,3,7,97
"4925",3012.59683262842,2,1,9,58
"4926",4823.31853262842,1,1,1,1010
"4927",2736.08273262842,1,3,5,99
"4928",1826.26203262842,1,3,1,910
"4929",2718.24313262842,2,1,1,98
"4930",4288.13003262842,1,1,4,910
"4931",4665.59833262842,2,1,1,910
"4932",4012.98943262842,1,1,1,1010
"4933",9086.98843262842,1,1,8,1010
"4934",2306.14783262842,1,1,1,95
"4935",2807.44133262842,1,1,1,77
"4936",25374.5627326284,1,3,5,1010
"4937",3521.02603262842,1,1,1,109
"4938",5809.25263262842,2,1,1,109
"4939",5885.07633262842,1,1,1,1010
"4940",5375.88393262842,1,1,1,99
"4941",3521.02603262842,1,1,1,1010
"4942",10951.2287326284,2,3,1,98
"4943",292.05455262842,2,1,7,105
"4944",1939.65943262842,2,1,1,99
"4945",2183.05433262842,2,1,1,107
"4946",6348.96163262842,1,1,1,1010
"4947",12440.8367326284,2,1,1,1010
"4948",1558.66763262842,2,1,7,1010
"4949",6327.61443262842,2,3,1,95
"4950",7071.11103262842,1,2,9,107
"4951",14476.5787326284,1,1,1,108
"4952",1201.87533262842,1,1,1,1010
"4953",2076.01673262842,2,1,1,59
"4954",1558.66763262842,1,1,1,97
"4955",6565.61543262842,1,1,1,1010
"4956",1380.27153262842,1,1,1,1010
"4957",2967.99773262842,1,1,1,1010
"4958",2512.94523262842,1,3,8,1010
"4959",13136.5817326284,1,1,12,38
"4960",9693.53533262842,1,1,1,1010
"4961",10605.8927326284,1,3,8,99
"4962",1326.75263262842,1,1,1,109
"4963",4465.35463262842,1,1,6,210
"4964",7228.56313262842,2,1,4,108
"4965",7271.80683262842,2,1,6,1010
"4966",14021.3007326284,2,1,9,108
"4967",8003.96453262842,1,1,1,1010
"4968",12703.9717326284,2,1,1,98
"4969",8432.27363262842,2,1,1,109
"4970",7256.64273262842,1,3,11,106
"4971",4413.00703262842,1,1,1,109
"4972",5281.14273262842,1,3,1,99
"4973",4502.20523262842,2,1,1,96
"4974",14559.0627326284,1,1,1,1010
"4975",7401.14373262842,1,1,1,1010
"4976",3689.34933262842,2,1,8,1010
"4977",1942.21953262842,1,1,8,108
"4978",4413.00703262842,2,1,8,109
"4979",2574.33973262842,1,3,1,107
"4980",4395.16763262842,1,3,11,97
"4981",2423.88933262842,1,1,1,1010
"4982",25592.8677326284,1,1,3,109
"4983",6089.93183262842,1,1,8,95
"4984",1958.27523262842,2,1,1,1010
"4985",9158.34683262842,1,1,1,109
"4986",19074.3727326284,2,1,1,98
"4987",2756.57613262842,2,1,1,1010
"4988",14819.4533992951,2,4,11,47
"4989",15754.7717326284,2,1,1,99
"4990",15384.3737326284,1,1,1,1010
"4991",1640.57953262842,1,1,10,108
"4992",3342.62983262842,1,3,8,107
"4993",2084.00483262842,2,1,1,99
"4994",7631.70523262842,1,1,1,109
"4995",10656.8747326284,2,1,1,1010
"4996",2095.73113262842,2,1,1,1010
"4997",2279.68893262842,1,1,1,109
"4998",13332.8177326284,1,1,11,57
"4999",1826.26203262842,1,1,1,1010
"5000",2272.25263262842,1,1,1,1010
